2026-06-28 15:04:13.974 [main] INFO  payroll.EmployeePayrollRestAppApplication - Starting EmployeePayrollRestAppApplication using Java 23.0.1 with PID 15328 (D:\MavenProjects\employee-payroll-rest-app\target\classes started by HP in D:\MavenProjects\employee-payroll-rest-app)
2026-06-28 15:04:13.983 [main] DEBUG payroll.EmployeePayrollRestAppApplication - Running with Spring Boot v3.2.5, Spring v6.1.6
2026-06-28 15:04:13.984 [main] INFO  payroll.EmployeePayrollRestAppApplication - No active profile set, falling back to 1 default profile: "default"
2026-06-28 15:04:15.109 [main] INFO  org.springframework.data.repository.config.RepositoryConfigurationDelegate - Bootstrapping Spring Data JPA repositories in DEFAULT mode.
2026-06-28 15:04:15.185 [main] INFO  org.springframework.data.repository.config.RepositoryConfigurationDelegate - Finished Spring Data repository scanning in 63 ms. Found 2 JPA repository interfaces.
2026-06-28 15:04:15.966 [main] INFO  org.springframework.boot.web.embedded.tomcat.TomcatWebServer - Tomcat initialized with port 8080 (http)
2026-06-28 15:04:15.983 [main] INFO  org.apache.coyote.http11.Http11NioProtocol - Initializing ProtocolHandler ["http-nio-8080"]
2026-06-28 15:04:15.985 [main] INFO  org.apache.catalina.core.StandardService - Starting service [Tomcat]
2026-06-28 15:04:15.987 [main] INFO  org.apache.catalina.core.StandardEngine - Starting Servlet engine: [Apache Tomcat/10.1.20]
2026-06-28 15:04:16.067 [main] INFO  org.apache.catalina.core.ContainerBase.[Tomcat].[localhost].[/] - Initializing Spring embedded WebApplicationContext
2026-06-28 15:04:16.067 [main] INFO  org.springframework.boot.web.servlet.context.ServletWebServerApplicationContext - Root WebApplicationContext: initialization completed in 2022 ms
2026-06-28 15:04:16.140 [main] INFO  com.zaxxer.hikari.HikariDataSource - HikariPool-1 - Starting...
2026-06-28 15:04:16.316 [main] INFO  org.hibernate.jpa.internal.util.LogHelper - HHH000204: Processing PersistenceUnitInfo [name: default]
2026-06-28 15:04:16.390 [main] INFO  org.hibernate.Version - HHH000412: Hibernate ORM core version 6.4.4.Final
2026-06-28 15:04:16.432 [main] INFO  org.hibernate.cache.internal.RegionFactoryInitiator - HHH000026: Second-level cache disabled
2026-06-28 15:04:16.757 [main] INFO  org.springframework.orm.jpa.persistenceunit.SpringPersistenceUnitInfo - No LoadTimeWeaver setup: ignoring JPA class transformer
2026-06-28 15:04:16.796 [main] INFO  com.zaxxer.hikari.HikariDataSource - HikariPool-1 - Starting...
2026-06-28 15:04:16.797 [main] WARN  org.hibernate.engine.jdbc.env.internal.JdbcEnvironmentInitiator - HHH000342: Could not obtain connection to query metadata
java.lang.RuntimeException: Driver org.h2.Driver claims to not accept jdbcUrl, ${DB_URL}
	at com.zaxxer.hikari.util.DriverDataSource.<init>(DriverDataSource.java:110) ~[HikariCP-5.0.1.jar:?]
	at com.zaxxer.hikari.pool.PoolBase.initializeDataSource(PoolBase.java:326) ~[HikariCP-5.0.1.jar:?]
	at com.zaxxer.hikari.pool.PoolBase.<init>(PoolBase.java:112) ~[HikariCP-5.0.1.jar:?]
	at com.zaxxer.hikari.pool.HikariPool.<init>(HikariPool.java:93) ~[HikariCP-5.0.1.jar:?]
	at com.zaxxer.hikari.HikariDataSource.getConnection(HikariDataSource.java:112) ~[HikariCP-5.0.1.jar:?]
	at org.hibernate.engine.jdbc.connections.internal.DatasourceConnectionProviderImpl.getConnection(DatasourceConnectionProviderImpl.java:122) ~[hibernate-core-6.4.4.Final.jar:6.4.4.Final]
	at org.hibernate.engine.jdbc.env.internal.JdbcEnvironmentInitiator$ConnectionProviderJdbcConnectionAccess.obtainConnection(JdbcEnvironmentInitiator.java:428) ~[hibernate-core-6.4.4.Final.jar:6.4.4.Final]
	at org.hibernate.resource.transaction.backend.jdbc.internal.JdbcIsolationDelegate.delegateWork(JdbcIsolationDelegate.java:61) ~[hibernate-core-6.4.4.Final.jar:6.4.4.Final]
	at org.hibernate.engine.jdbc.env.internal.JdbcEnvironmentInitiator.getJdbcEnvironmentUsingJdbcMetadata(JdbcEnvironmentInitiator.java:276) ~[hibernate-core-6.4.4.Final.jar:6.4.4.Final]
	at org.hibernate.engine.jdbc.env.internal.JdbcEnvironmentInitiator.initiateService(JdbcEnvironmentInitiator.java:107) ~[hibernate-core-6.4.4.Final.jar:6.4.4.Final]
	at org.hibernate.engine.jdbc.env.internal.JdbcEnvironmentInitiator.initiateService(JdbcEnvironmentInitiator.java:68) ~[hibernate-core-6.4.4.Final.jar:6.4.4.Final]
	at org.hibernate.boot.registry.internal.StandardServiceRegistryImpl.initiateService(StandardServiceRegistryImpl.java:130) ~[hibernate-core-6.4.4.Final.jar:6.4.4.Final]
	at org.hibernate.service.internal.AbstractServiceRegistryImpl.createService(AbstractServiceRegistryImpl.java:263) ~[hibernate-core-6.4.4.Final.jar:6.4.4.Final]
	at org.hibernate.service.internal.AbstractServiceRegistryImpl.initializeService(AbstractServiceRegistryImpl.java:238) ~[hibernate-core-6.4.4.Final.jar:6.4.4.Final]
	at org.hibernate.service.internal.AbstractServiceRegistryImpl.getService(AbstractServiceRegistryImpl.java:215) ~[hibernate-core-6.4.4.Final.jar:6.4.4.Final]
	at org.hibernate.boot.model.relational.Database.<init>(Database.java:45) ~[hibernate-core-6.4.4.Final.jar:6.4.4.Final]
	at org.hibernate.boot.internal.InFlightMetadataCollectorImpl.getDatabase(InFlightMetadataCollectorImpl.java:223) ~[hibernate-core-6.4.4.Final.jar:6.4.4.Final]
	at org.hibernate.boot.internal.InFlightMetadataCollectorImpl.<init>(InFlightMetadataCollectorImpl.java:191) ~[hibernate-core-6.4.4.Final.jar:6.4.4.Final]
	at org.hibernate.boot.model.process.spi.MetadataBuildingProcess.complete(MetadataBuildingProcess.java:170) ~[hibernate-core-6.4.4.Final.jar:6.4.4.Final]
	at org.hibernate.jpa.boot.internal.EntityManagerFactoryBuilderImpl.metadata(EntityManagerFactoryBuilderImpl.java:1432) ~[hibernate-core-6.4.4.Final.jar:6.4.4.Final]
	at org.hibernate.jpa.boot.internal.EntityManagerFactoryBuilderImpl.build(EntityManagerFactoryBuilderImpl.java:1503) ~[hibernate-core-6.4.4.Final.jar:6.4.4.Final]
	at org.springframework.orm.jpa.vendor.SpringHibernateJpaPersistenceProvider.createContainerEntityManagerFactory(SpringHibernateJpaPersistenceProvider.java:75) ~[spring-orm-6.1.6.jar:6.1.6]
	at org.springframework.orm.jpa.LocalContainerEntityManagerFactoryBean.createNativeEntityManagerFactory(LocalContainerEntityManagerFactoryBean.java:390) ~[spring-orm-6.1.6.jar:6.1.6]
	at org.springframework.orm.jpa.AbstractEntityManagerFactoryBean.buildNativeEntityManagerFactory(AbstractEntityManagerFactoryBean.java:409) ~[spring-orm-6.1.6.jar:6.1.6]
	at org.springframework.orm.jpa.AbstractEntityManagerFactoryBean.afterPropertiesSet(AbstractEntityManagerFactoryBean.java:396) ~[spring-orm-6.1.6.jar:6.1.6]
	at org.springframework.orm.jpa.LocalContainerEntityManagerFactoryBean.afterPropertiesSet(LocalContainerEntityManagerFactoryBean.java:366) ~[spring-orm-6.1.6.jar:6.1.6]
	at org.springframework.beans.factory.support.AbstractAutowireCapableBeanFactory.invokeInitMethods(AbstractAutowireCapableBeanFactory.java:1833) ~[spring-beans-6.1.6.jar:6.1.6]
	at org.springframework.beans.factory.support.AbstractAutowireCapableBeanFactory.initializeBean(AbstractAutowireCapableBeanFactory.java:1782) ~[spring-beans-6.1.6.jar:6.1.6]
	at org.springframework.beans.factory.support.AbstractAutowireCapableBeanFactory.doCreateBean(AbstractAutowireCapableBeanFactory.java:600) ~[spring-beans-6.1.6.jar:6.1.6]
	at org.springframework.beans.factory.support.AbstractAutowireCapableBeanFactory.createBean(AbstractAutowireCapableBeanFactory.java:522) ~[spring-beans-6.1.6.jar:6.1.6]
	at org.springframework.beans.factory.support.AbstractBeanFactory.lambda$doGetBean$0(AbstractBeanFactory.java:326) ~[spring-beans-6.1.6.jar:6.1.6]
	at org.springframework.beans.factory.support.DefaultSingletonBeanRegistry.getSingleton(DefaultSingletonBeanRegistry.java:234) ~[spring-beans-6.1.6.jar:6.1.6]
	at org.springframework.beans.factory.support.AbstractBeanFactory.doGetBean(AbstractBeanFactory.java:324) ~[spring-beans-6.1.6.jar:6.1.6]
	at org.springframework.beans.factory.support.AbstractBeanFactory.getBean(AbstractBeanFactory.java:200) ~[spring-beans-6.1.6.jar:6.1.6]
	at org.springframework.beans.factory.support.BeanDefinitionValueResolver.resolveReference(BeanDefinitionValueResolver.java:365) ~[spring-beans-6.1.6.jar:6.1.6]
	at org.springframework.beans.factory.support.BeanDefinitionValueResolver.resolveValueIfNecessary(BeanDefinitionValueResolver.java:135) ~[spring-beans-6.1.6.jar:6.1.6]
	at org.springframework.beans.factory.support.ConstructorResolver.resolveConstructorArguments(ConstructorResolver.java:682) ~[spring-beans-6.1.6.jar:6.1.6]
	at org.springframework.beans.factory.support.ConstructorResolver.instantiateUsingFactoryMethod(ConstructorResolver.java:509) ~[spring-beans-6.1.6.jar:6.1.6]
	at org.springframework.beans.factory.support.AbstractAutowireCapableBeanFactory.instantiateUsingFactoryMethod(AbstractAutowireCapableBeanFactory.java:1335) ~[spring-beans-6.1.6.jar:6.1.6]
	at org.springframework.beans.factory.support.AbstractAutowireCapableBeanFactory.createBeanInstance(AbstractAutowireCapableBeanFactory.java:1165) ~[spring-beans-6.1.6.jar:6.1.6]
	at org.springframework.beans.factory.support.AbstractAutowireCapableBeanFactory.doCreateBean(AbstractAutowireCapableBeanFactory.java:562) ~[spring-beans-6.1.6.jar:6.1.6]
	at org.springframework.beans.factory.support.AbstractAutowireCapableBeanFactory.createBean(AbstractAutowireCapableBeanFactory.java:522) ~[spring-beans-6.1.6.jar:6.1.6]
	at org.springframework.beans.factory.support.AbstractBeanFactory.lambda$doGetBean$0(AbstractBeanFactory.java:326) ~[spring-beans-6.1.6.jar:6.1.6]
	at org.springframework.beans.factory.support.DefaultSingletonBeanRegistry.getSingleton(DefaultSingletonBeanRegistry.java:234) ~[spring-beans-6.1.6.jar:6.1.6]
	at org.springframework.beans.factory.support.AbstractBeanFactory.doGetBean(AbstractBeanFactory.java:324) ~[spring-beans-6.1.6.jar:6.1.6]
	at org.springframework.beans.factory.support.AbstractBeanFactory.getBean(AbstractBeanFactory.java:200) ~[spring-beans-6.1.6.jar:6.1.6]
	at org.springframework.beans.factory.support.BeanDefinitionValueResolver.resolveReference(BeanDefinitionValueResolver.java:365) ~[spring-beans-6.1.6.jar:6.1.6]
	at org.springframework.beans.factory.support.BeanDefinitionValueResolver.resolveValueIfNecessary(BeanDefinitionValueResolver.java:135) ~[spring-beans-6.1.6.jar:6.1.6]
	at org.springframework.beans.factory.support.AbstractAutowireCapableBeanFactory.applyPropertyValues(AbstractAutowireCapableBeanFactory.java:1685) ~[spring-beans-6.1.6.jar:6.1.6]
	at org.springframework.beans.factory.support.AbstractAutowireCapableBeanFactory.populateBean(AbstractAutowireCapableBeanFactory.java:1434) ~[spring-beans-6.1.6.jar:6.1.6]
	at org.springframework.beans.factory.support.AbstractAutowireCapableBeanFactory.doCreateBean(AbstractAutowireCapableBeanFactory.java:599) ~[spring-beans-6.1.6.jar:6.1.6]
	at org.springframework.beans.factory.support.AbstractAutowireCapableBeanFactory.createBean(AbstractAutowireCapableBeanFactory.java:522) ~[spring-beans-6.1.6.jar:6.1.6]
	at org.springframework.beans.factory.support.AbstractBeanFactory.lambda$doGetBean$0(AbstractBeanFactory.java:326) ~[spring-beans-6.1.6.jar:6.1.6]
	at org.springframework.beans.factory.support.DefaultSingletonBeanRegistry.getSingleton(DefaultSingletonBeanRegistry.java:234) ~[spring-beans-6.1.6.jar:6.1.6]
	at org.springframework.beans.factory.support.AbstractBeanFactory.doGetBean(AbstractBeanFactory.java:324) ~[spring-beans-6.1.6.jar:6.1.6]
	at org.springframework.beans.factory.support.AbstractBeanFactory.getBean(AbstractBeanFactory.java:200) ~[spring-beans-6.1.6.jar:6.1.6]
	at org.springframework.beans.factory.config.DependencyDescriptor.resolveCandidate(DependencyDescriptor.java:254) ~[spring-beans-6.1.6.jar:6.1.6]
	at org.springframework.beans.factory.support.DefaultListableBeanFactory.doResolveDependency(DefaultListableBeanFactory.java:1443) ~[spring-beans-6.1.6.jar:6.1.6]
	at org.springframework.beans.factory.support.DefaultListableBeanFactory.resolveDependency(DefaultListableBeanFactory.java:1353) ~[spring-beans-6.1.6.jar:6.1.6]
	at org.springframework.beans.factory.annotation.AutowiredAnnotationBeanPostProcessor$AutowiredFieldElement.resolveFieldValue(AutowiredAnnotationBeanPostProcessor.java:784) ~[spring-beans-6.1.6.jar:6.1.6]
	at org.springframework.beans.factory.annotation.AutowiredAnnotationBeanPostProcessor$AutowiredFieldElement.inject(AutowiredAnnotationBeanPostProcessor.java:767) ~[spring-beans-6.1.6.jar:6.1.6]
	at org.springframework.beans.factory.annotation.InjectionMetadata.inject(InjectionMetadata.java:145) ~[spring-beans-6.1.6.jar:6.1.6]
	at org.springframework.beans.factory.annotation.AutowiredAnnotationBeanPostProcessor.postProcessProperties(AutowiredAnnotationBeanPostProcessor.java:508) ~[spring-beans-6.1.6.jar:6.1.6]
	at org.springframework.beans.factory.support.AbstractAutowireCapableBeanFactory.populateBean(AbstractAutowireCapableBeanFactory.java:1419) ~[spring-beans-6.1.6.jar:6.1.6]
	at org.springframework.beans.factory.support.AbstractAutowireCapableBeanFactory.doCreateBean(AbstractAutowireCapableBeanFactory.java:599) ~[spring-beans-6.1.6.jar:6.1.6]
	at org.springframework.beans.factory.support.AbstractAutowireCapableBeanFactory.createBean(AbstractAutowireCapableBeanFactory.java:522) ~[spring-beans-6.1.6.jar:6.1.6]
	at org.springframework.beans.factory.support.AbstractBeanFactory.lambda$doGetBean$0(AbstractBeanFactory.java:326) ~[spring-beans-6.1.6.jar:6.1.6]
	at org.springframework.beans.factory.support.DefaultSingletonBeanRegistry.getSingleton(DefaultSingletonBeanRegistry.java:234) ~[spring-beans-6.1.6.jar:6.1.6]
	at org.springframework.beans.factory.support.AbstractBeanFactory.doGetBean(AbstractBeanFactory.java:324) ~[spring-beans-6.1.6.jar:6.1.6]
	at org.springframework.beans.factory.support.AbstractBeanFactory.getBean(AbstractBeanFactory.java:200) ~[spring-beans-6.1.6.jar:6.1.6]
	at org.springframework.beans.factory.support.ConstructorResolver.instantiateUsingFactoryMethod(ConstructorResolver.java:409) ~[spring-beans-6.1.6.jar:6.1.6]
	at org.springframework.beans.factory.support.AbstractAutowireCapableBeanFactory.instantiateUsingFactoryMethod(AbstractAutowireCapableBeanFactory.java:1335) ~[spring-beans-6.1.6.jar:6.1.6]
	at org.springframework.beans.factory.support.AbstractAutowireCapableBeanFactory.createBeanInstance(AbstractAutowireCapableBeanFactory.java:1165) ~[spring-beans-6.1.6.jar:6.1.6]
	at org.springframework.beans.factory.support.AbstractAutowireCapableBeanFactory.doCreateBean(AbstractAutowireCapableBeanFactory.java:562) ~[spring-beans-6.1.6.jar:6.1.6]
	at org.springframework.beans.factory.support.AbstractAutowireCapableBeanFactory.createBean(AbstractAutowireCapableBeanFactory.java:522) ~[spring-beans-6.1.6.jar:6.1.6]
	at org.springframework.beans.factory.support.AbstractBeanFactory.lambda$doGetBean$0(AbstractBeanFactory.java:326) ~[spring-beans-6.1.6.jar:6.1.6]
	at org.springframework.beans.factory.support.DefaultSingletonBeanRegistry.getSingleton(DefaultSingletonBeanRegistry.java:234) ~[spring-beans-6.1.6.jar:6.1.6]
	at org.springframework.beans.factory.support.AbstractBeanFactory.doGetBean(AbstractBeanFactory.java:324) ~[spring-beans-6.1.6.jar:6.1.6]
	at org.springframework.beans.factory.support.AbstractBeanFactory.getBean(AbstractBeanFactory.java:200) ~[spring-beans-6.1.6.jar:6.1.6]
	at org.springframework.beans.factory.config.DependencyDescriptor.resolveCandidate(DependencyDescriptor.java:254) ~[spring-beans-6.1.6.jar:6.1.6]
	at org.springframework.beans.factory.support.DefaultListableBeanFactory.doResolveDependency(DefaultListableBeanFactory.java:1443) ~[spring-beans-6.1.6.jar:6.1.6]
	at org.springframework.beans.factory.support.DefaultListableBeanFactory.resolveDependency(DefaultListableBeanFactory.java:1353) ~[spring-beans-6.1.6.jar:6.1.6]
	at org.springframework.beans.factory.annotation.AutowiredAnnotationBeanPostProcessor$AutowiredFieldElement.resolveFieldValue(AutowiredAnnotationBeanPostProcessor.java:784) ~[spring-beans-6.1.6.jar:6.1.6]
	at org.springframework.beans.factory.annotation.AutowiredAnnotationBeanPostProcessor$AutowiredFieldElement.inject(AutowiredAnnotationBeanPostProcessor.java:767) ~[spring-beans-6.1.6.jar:6.1.6]
	at org.springframework.beans.factory.annotation.InjectionMetadata.inject(InjectionMetadata.java:145) ~[spring-beans-6.1.6.jar:6.1.6]
	at org.springframework.beans.factory.annotation.AutowiredAnnotationBeanPostProcessor.postProcessProperties(AutowiredAnnotationBeanPostProcessor.java:508) ~[spring-beans-6.1.6.jar:6.1.6]
	at org.springframework.beans.factory.support.AbstractAutowireCapableBeanFactory.populateBean(AbstractAutowireCapableBeanFactory.java:1419) ~[spring-beans-6.1.6.jar:6.1.6]
	at org.springframework.beans.factory.support.AbstractAutowireCapableBeanFactory.doCreateBean(AbstractAutowireCapableBeanFactory.java:599) ~[spring-beans-6.1.6.jar:6.1.6]
	at org.springframework.beans.factory.support.AbstractAutowireCapableBeanFactory.createBean(AbstractAutowireCapableBeanFactory.java:522) ~[spring-beans-6.1.6.jar:6.1.6]
	at org.springframework.beans.factory.support.AbstractBeanFactory.lambda$doGetBean$0(AbstractBeanFactory.java:326) ~[spring-beans-6.1.6.jar:6.1.6]
	at org.springframework.beans.factory.support.DefaultSingletonBeanRegistry.getSingleton(DefaultSingletonBeanRegistry.java:234) ~[spring-beans-6.1.6.jar:6.1.6]
	at org.springframework.beans.factory.support.AbstractBeanFactory.doGetBean(AbstractBeanFactory.java:324) ~[spring-beans-6.1.6.jar:6.1.6]
	at org.springframework.beans.factory.support.AbstractBeanFactory.getBean(AbstractBeanFactory.java:205) ~[spring-beans-6.1.6.jar:6.1.6]
	at org.springframework.boot.web.servlet.ServletContextInitializerBeans.getOrderedBeansOfType(ServletContextInitializerBeans.java:210) ~[spring-boot-3.2.5.jar:3.2.5]
	at org.springframework.boot.web.servlet.ServletContextInitializerBeans.addAsRegistrationBean(ServletContextInitializerBeans.java:173) ~[spring-boot-3.2.5.jar:3.2.5]
	at org.springframework.boot.web.servlet.ServletContextInitializerBeans.addAsRegistrationBean(ServletContextInitializerBeans.java:168) ~[spring-boot-3.2.5.jar:3.2.5]
	at org.springframework.boot.web.servlet.ServletContextInitializerBeans.addAdaptableBeans(ServletContextInitializerBeans.java:153) ~[spring-boot-3.2.5.jar:3.2.5]
	at org.springframework.boot.web.servlet.ServletContextInitializerBeans.<init>(ServletContextInitializerBeans.java:86) ~[spring-boot-3.2.5.jar:3.2.5]
	at org.springframework.boot.web.servlet.context.ServletWebServerApplicationContext.getServletContextInitializerBeans(ServletWebServerApplicationContext.java:266) ~[spring-boot-3.2.5.jar:3.2.5]
	at org.springframework.boot.web.servlet.context.ServletWebServerApplicationContext.selfInitialize(ServletWebServerApplicationContext.java:240) ~[spring-boot-3.2.5.jar:3.2.5]
	at org.springframework.boot.web.embedded.tomcat.TomcatStarter.onStartup(TomcatStarter.java:52) [spring-boot-3.2.5.jar:3.2.5]
	at org.apache.catalina.core.StandardContext.startInternal(StandardContext.java:4880) [tomcat-embed-core-10.1.20.jar:10.1.20]
	at org.apache.catalina.util.LifecycleBase.start(LifecycleBase.java:171) [tomcat-embed-core-10.1.20.jar:10.1.20]
	at org.apache.catalina.core.ContainerBase$StartChild.call(ContainerBase.java:1332) [tomcat-embed-core-10.1.20.jar:10.1.20]
	at org.apache.catalina.core.ContainerBase$StartChild.call(ContainerBase.java:1322) [tomcat-embed-core-10.1.20.jar:10.1.20]
	at java.base/java.util.concurrent.FutureTask.run(FutureTask.java:317) [?:?]
	at org.apache.tomcat.util.threads.InlineExecutorService.execute(InlineExecutorService.java:75) [tomcat-embed-core-10.1.20.jar:10.1.20]
	at java.base/java.util.concurrent.AbstractExecutorService.submit(AbstractExecutorService.java:148) [?:?]
	at org.apache.catalina.core.ContainerBase.startInternal(ContainerBase.java:866) [tomcat-embed-core-10.1.20.jar:10.1.20]
	at org.apache.catalina.core.StandardHost.startInternal(StandardHost.java:845) [tomcat-embed-core-10.1.20.jar:10.1.20]
	at org.apache.catalina.util.LifecycleBase.start(LifecycleBase.java:171) [tomcat-embed-core-10.1.20.jar:10.1.20]
	at org.apache.catalina.core.ContainerBase$StartChild.call(ContainerBase.java:1332) [tomcat-embed-core-10.1.20.jar:10.1.20]
	at org.apache.catalina.core.ContainerBase$StartChild.call(ContainerBase.java:1322) [tomcat-embed-core-10.1.20.jar:10.1.20]
	at java.base/java.util.concurrent.FutureTask.run(FutureTask.java:317) [?:?]
	at org.apache.tomcat.util.threads.InlineExecutorService.execute(InlineExecutorService.java:75) [tomcat-embed-core-10.1.20.jar:10.1.20]
	at java.base/java.util.concurrent.AbstractExecutorService.submit(AbstractExecutorService.java:148) [?:?]
	at org.apache.catalina.core.ContainerBase.startInternal(ContainerBase.java:866) [tomcat-embed-core-10.1.20.jar:10.1.20]
	at org.apache.catalina.core.StandardEngine.startInternal(StandardEngine.java:240) [tomcat-embed-core-10.1.20.jar:10.1.20]
	at org.apache.catalina.util.LifecycleBase.start(LifecycleBase.java:171) [tomcat-embed-core-10.1.20.jar:10.1.20]
	at org.apache.catalina.core.StandardService.startInternal(StandardService.java:433) [tomcat-embed-core-10.1.20.jar:10.1.20]
	at org.apache.catalina.util.LifecycleBase.start(LifecycleBase.java:171) [tomcat-embed-core-10.1.20.jar:10.1.20]
	at org.apache.catalina.core.StandardServer.startInternal(StandardServer.java:921) [tomcat-embed-core-10.1.20.jar:10.1.20]
	at org.apache.catalina.util.LifecycleBase.start(LifecycleBase.java:171) [tomcat-embed-core-10.1.20.jar:10.1.20]
	at org.apache.catalina.startup.Tomcat.start(Tomcat.java:437) [tomcat-embed-core-10.1.20.jar:10.1.20]
	at org.springframework.boot.web.embedded.tomcat.TomcatWebServer.initialize(TomcatWebServer.java:126) [spring-boot-3.2.5.jar:3.2.5]
	at org.springframework.boot.web.embedded.tomcat.TomcatWebServer.<init>(TomcatWebServer.java:105) [spring-boot-3.2.5.jar:3.2.5]
	at org.springframework.boot.web.embedded.tomcat.TomcatServletWebServerFactory.getTomcatWebServer(TomcatServletWebServerFactory.java:499) [spring-boot-3.2.5.jar:3.2.5]
	at org.springframework.boot.web.embedded.tomcat.TomcatServletWebServerFactory.getWebServer(TomcatServletWebServerFactory.java:218) [spring-boot-3.2.5.jar:3.2.5]
	at org.springframework.boot.web.servlet.context.ServletWebServerApplicationContext.createWebServer(ServletWebServerApplicationContext.java:188) [spring-boot-3.2.5.jar:3.2.5]
	at org.springframework.boot.web.servlet.context.ServletWebServerApplicationContext.onRefresh(ServletWebServerApplicationContext.java:162) [spring-boot-3.2.5.jar:3.2.5]
	at org.springframework.context.support.AbstractApplicationContext.refresh(AbstractApplicationContext.java:618) [spring-context-6.1.6.jar:6.1.6]
	at org.springframework.boot.web.servlet.context.ServletWebServerApplicationContext.refresh(ServletWebServerApplicationContext.java:146) [spring-boot-3.2.5.jar:3.2.5]
	at org.springframework.boot.SpringApplication.refresh(SpringApplication.java:754) [spring-boot-3.2.5.jar:3.2.5]
	at org.springframework.boot.SpringApplication.refreshContext(SpringApplication.java:456) [spring-boot-3.2.5.jar:3.2.5]
	at org.springframework.boot.SpringApplication.run(SpringApplication.java:334) [spring-boot-3.2.5.jar:3.2.5]
	at org.springframework.boot.SpringApplication.run(SpringApplication.java:1354) [spring-boot-3.2.5.jar:3.2.5]
	at org.springframework.boot.SpringApplication.run(SpringApplication.java:1343) [spring-boot-3.2.5.jar:3.2.5]
	at payroll.EmployeePayrollRestAppApplication.main(EmployeePayrollRestAppApplication.java:10) [classes/:?]
2026-06-28 15:04:16.833 [main] WARN  org.hibernate.orm.deprecation - HHH90000025: H2Dialect does not need to be specified explicitly using 'hibernate.dialect' (remove the property setting and it will be selected by default)
2026-06-28 15:04:18.204 [main] INFO  org.hibernate.engine.transaction.jta.platform.internal.JtaPlatformInitiator - HHH000489: No JTA platform available (set 'hibernate.transaction.jta.platform' to enable JTA platform integration)
2026-06-28 15:04:18.231 [main] INFO  com.zaxxer.hikari.HikariDataSource - HikariPool-1 - Starting...
2026-06-28 15:04:18.236 [main] ERROR org.springframework.orm.jpa.LocalContainerEntityManagerFactoryBean - Failed to initialize JPA EntityManagerFactory: [PersistenceUnit: default] Unable to build Hibernate SessionFactory; nested exception is java.lang.RuntimeException: Driver org.h2.Driver claims to not accept jdbcUrl, ${DB_URL}
2026-06-28 15:04:18.238 [main] ERROR org.springframework.boot.web.embedded.tomcat.TomcatStarter - Error starting Tomcat context. Exception: org.springframework.beans.factory.UnsatisfiedDependencyException. Message: Error creating bean with name 'jwtRequestFilter': Unsatisfied dependency expressed through field 'jwtUserDetailsService': Error creating bean with name 'securityConfig': Unsatisfied dependency expressed through field 'userRepository': Error creating bean with name 'userRepository' defined in payroll.repository.UserRepository defined in @EnableJpaRepositories declared on JpaRepositoriesRegistrar.EnableJpaRepositoriesConfiguration: Cannot resolve reference to bean 'jpaSharedEM_entityManagerFactory' while setting bean property 'entityManager'
2026-06-28 15:04:18.269 [main] INFO  org.apache.catalina.core.StandardService - Stopping service [Tomcat]
2026-06-28 15:04:18.276 [main] WARN  org.springframework.boot.web.servlet.context.AnnotationConfigServletWebServerApplicationContext - Exception encountered during context initialization - cancelling refresh attempt: org.springframework.context.ApplicationContextException: Unable to start web server
2026-06-28 15:04:18.289 [main] INFO  org.springframework.boot.autoconfigure.logging.ConditionEvaluationReportLogger - 

Error starting ApplicationContext. To display the condition evaluation report re-run your application with 'debug' enabled.
2026-06-28 15:04:18.311 [main] ERROR org.springframework.boot.SpringApplication - Application run failed
org.springframework.context.ApplicationContextException: Unable to start web server
	at org.springframework.boot.web.servlet.context.ServletWebServerApplicationContext.onRefresh(ServletWebServerApplicationContext.java:165) ~[spring-boot-3.2.5.jar:3.2.5]
	at org.springframework.context.support.AbstractApplicationContext.refresh(AbstractApplicationContext.java:618) ~[spring-context-6.1.6.jar:6.1.6]
	at org.springframework.boot.web.servlet.context.ServletWebServerApplicationContext.refresh(ServletWebServerApplicationContext.java:146) ~[spring-boot-3.2.5.jar:3.2.5]
	at org.springframework.boot.SpringApplication.refresh(SpringApplication.java:754) [spring-boot-3.2.5.jar:3.2.5]
	at org.springframework.boot.SpringApplication.refreshContext(SpringApplication.java:456) [spring-boot-3.2.5.jar:3.2.5]
	at org.springframework.boot.SpringApplication.run(SpringApplication.java:334) [spring-boot-3.2.5.jar:3.2.5]
	at org.springframework.boot.SpringApplication.run(SpringApplication.java:1354) [spring-boot-3.2.5.jar:3.2.5]
	at org.springframework.boot.SpringApplication.run(SpringApplication.java:1343) [spring-boot-3.2.5.jar:3.2.5]
	at payroll.EmployeePayrollRestAppApplication.main(EmployeePayrollRestAppApplication.java:10) [classes/:?]
Caused by: org.springframework.boot.web.server.WebServerException: Unable to start embedded Tomcat
	at org.springframework.boot.web.embedded.tomcat.TomcatWebServer.initialize(TomcatWebServer.java:145) ~[spring-boot-3.2.5.jar:3.2.5]
	at org.springframework.boot.web.embedded.tomcat.TomcatWebServer.<init>(TomcatWebServer.java:105) ~[spring-boot-3.2.5.jar:3.2.5]
	at org.springframework.boot.web.embedded.tomcat.TomcatServletWebServerFactory.getTomcatWebServer(TomcatServletWebServerFactory.java:499) ~[spring-boot-3.2.5.jar:3.2.5]
	at org.springframework.boot.web.embedded.tomcat.TomcatServletWebServerFactory.getWebServer(TomcatServletWebServerFactory.java:218) ~[spring-boot-3.2.5.jar:3.2.5]
	at org.springframework.boot.web.servlet.context.ServletWebServerApplicationContext.createWebServer(ServletWebServerApplicationContext.java:188) ~[spring-boot-3.2.5.jar:3.2.5]
	at org.springframework.boot.web.servlet.context.ServletWebServerApplicationContext.onRefresh(ServletWebServerApplicationContext.java:162) ~[spring-boot-3.2.5.jar:3.2.5]
	... 8 more
Caused by: org.springframework.beans.factory.UnsatisfiedDependencyException: Error creating bean with name 'jwtRequestFilter': Unsatisfied dependency expressed through field 'jwtUserDetailsService': Error creating bean with name 'securityConfig': Unsatisfied dependency expressed through field 'userRepository': Error creating bean with name 'userRepository' defined in payroll.repository.UserRepository defined in @EnableJpaRepositories declared on JpaRepositoriesRegistrar.EnableJpaRepositoriesConfiguration: Cannot resolve reference to bean 'jpaSharedEM_entityManagerFactory' while setting bean property 'entityManager'
	at org.springframework.beans.factory.annotation.AutowiredAnnotationBeanPostProcessor$AutowiredFieldElement.resolveFieldValue(AutowiredAnnotationBeanPostProcessor.java:787) ~[spring-beans-6.1.6.jar:6.1.6]
	at org.springframework.beans.factory.annotation.AutowiredAnnotationBeanPostProcessor$AutowiredFieldElement.inject(AutowiredAnnotationBeanPostProcessor.java:767) ~[spring-beans-6.1.6.jar:6.1.6]
	at org.springframework.beans.factory.annotation.InjectionMetadata.inject(InjectionMetadata.java:145) ~[spring-beans-6.1.6.jar:6.1.6]
	at org.springframework.beans.factory.annotation.AutowiredAnnotationBeanPostProcessor.postProcessProperties(AutowiredAnnotationBeanPostProcessor.java:508) ~[spring-beans-6.1.6.jar:6.1.6]
	at org.springframework.beans.factory.support.AbstractAutowireCapableBeanFactory.populateBean(AbstractAutowireCapableBeanFactory.java:1419) ~[spring-beans-6.1.6.jar:6.1.6]
	at org.springframework.beans.factory.support.AbstractAutowireCapableBeanFactory.doCreateBean(AbstractAutowireCapableBeanFactory.java:599) ~[spring-beans-6.1.6.jar:6.1.6]
	at org.springframework.beans.factory.support.AbstractAutowireCapableBeanFactory.createBean(AbstractAutowireCapableBeanFactory.java:522) ~[spring-beans-6.1.6.jar:6.1.6]
	at org.springframework.beans.factory.support.AbstractBeanFactory.lambda$doGetBean$0(AbstractBeanFactory.java:326) ~[spring-beans-6.1.6.jar:6.1.6]
	at org.springframework.beans.factory.support.DefaultSingletonBeanRegistry.getSingleton(DefaultSingletonBeanRegistry.java:234) ~[spring-beans-6.1.6.jar:6.1.6]
	at org.springframework.beans.factory.support.AbstractBeanFactory.doGetBean(AbstractBeanFactory.java:324) ~[spring-beans-6.1.6.jar:6.1.6]
	at org.springframework.beans.factory.support.AbstractBeanFactory.getBean(AbstractBeanFactory.java:205) ~[spring-beans-6.1.6.jar:6.1.6]
	at org.springframework.boot.web.servlet.ServletContextInitializerBeans.getOrderedBeansOfType(ServletContextInitializerBeans.java:210) ~[spring-boot-3.2.5.jar:3.2.5]
	at org.springframework.boot.web.servlet.ServletContextInitializerBeans.addAsRegistrationBean(ServletContextInitializerBeans.java:173) ~[spring-boot-3.2.5.jar:3.2.5]
	at org.springframework.boot.web.servlet.ServletContextInitializerBeans.addAsRegistrationBean(ServletContextInitializerBeans.java:168) ~[spring-boot-3.2.5.jar:3.2.5]
	at org.springframework.boot.web.servlet.ServletContextInitializerBeans.addAdaptableBeans(ServletContextInitializerBeans.java:153) ~[spring-boot-3.2.5.jar:3.2.5]
	at org.springframework.boot.web.servlet.ServletContextInitializerBeans.<init>(ServletContextInitializerBeans.java:86) ~[spring-boot-3.2.5.jar:3.2.5]
	at org.springframework.boot.web.servlet.context.ServletWebServerApplicationContext.getServletContextInitializerBeans(ServletWebServerApplicationContext.java:266) ~[spring-boot-3.2.5.jar:3.2.5]
	at org.springframework.boot.web.servlet.context.ServletWebServerApplicationContext.selfInitialize(ServletWebServerApplicationContext.java:240) ~[spring-boot-3.2.5.jar:3.2.5]
	at org.springframework.boot.web.embedded.tomcat.TomcatStarter.onStartup(TomcatStarter.java:52) ~[spring-boot-3.2.5.jar:3.2.5]
	at org.apache.catalina.core.StandardContext.startInternal(StandardContext.java:4880) ~[tomcat-embed-core-10.1.20.jar:10.1.20]
	at org.apache.catalina.util.LifecycleBase.start(LifecycleBase.java:171) ~[tomcat-embed-core-10.1.20.jar:10.1.20]
	at org.apache.catalina.core.ContainerBase$StartChild.call(ContainerBase.java:1332) ~[tomcat-embed-core-10.1.20.jar:10.1.20]
	at org.apache.catalina.core.ContainerBase$StartChild.call(ContainerBase.java:1322) ~[tomcat-embed-core-10.1.20.jar:10.1.20]
	at java.base/java.util.concurrent.FutureTask.run(FutureTask.java:317) ~[?:?]
	at org.apache.tomcat.util.threads.InlineExecutorService.execute(InlineExecutorService.java:75) ~[tomcat-embed-core-10.1.20.jar:10.1.20]
	at java.base/java.util.concurrent.AbstractExecutorService.submit(AbstractExecutorService.java:148) ~[?:?]
	at org.apache.catalina.core.ContainerBase.startInternal(ContainerBase.java:866) ~[tomcat-embed-core-10.1.20.jar:10.1.20]
	at org.apache.catalina.core.StandardHost.startInternal(StandardHost.java:845) ~[tomcat-embed-core-10.1.20.jar:10.1.20]
	at org.apache.catalina.util.LifecycleBase.start(LifecycleBase.java:171) ~[tomcat-embed-core-10.1.20.jar:10.1.20]
	at org.apache.catalina.core.ContainerBase$StartChild.call(ContainerBase.java:1332) ~[tomcat-embed-core-10.1.20.jar:10.1.20]
	at org.apache.catalina.core.ContainerBase$StartChild.call(ContainerBase.java:1322) ~[tomcat-embed-core-10.1.20.jar:10.1.20]
	at java.base/java.util.concurrent.FutureTask.run(FutureTask.java:317) ~[?:?]
	at org.apache.tomcat.util.threads.InlineExecutorService.execute(InlineExecutorService.java:75) ~[tomcat-embed-core-10.1.20.jar:10.1.20]
	at java.base/java.util.concurrent.AbstractExecutorService.submit(AbstractExecutorService.java:148) ~[?:?]
	at org.apache.catalina.core.ContainerBase.startInternal(ContainerBase.java:866) ~[tomcat-embed-core-10.1.20.jar:10.1.20]
	at org.apache.catalina.core.StandardEngine.startInternal(StandardEngine.java:240) ~[tomcat-embed-core-10.1.20.jar:10.1.20]
	at org.apache.catalina.util.LifecycleBase.start(LifecycleBase.java:171) ~[tomcat-embed-core-10.1.20.jar:10.1.20]
	at org.apache.catalina.core.StandardService.startInternal(StandardService.java:433) ~[tomcat-embed-core-10.1.20.jar:10.1.20]
	at org.apache.catalina.util.LifecycleBase.start(LifecycleBase.java:171) ~[tomcat-embed-core-10.1.20.jar:10.1.20]
	at org.apache.catalina.core.StandardServer.startInternal(StandardServer.java:921) ~[tomcat-embed-core-10.1.20.jar:10.1.20]
	at org.apache.catalina.util.LifecycleBase.start(LifecycleBase.java:171) ~[tomcat-embed-core-10.1.20.jar:10.1.20]
	at org.apache.catalina.startup.Tomcat.start(Tomcat.java:437) ~[tomcat-embed-core-10.1.20.jar:10.1.20]
	at org.springframework.boot.web.embedded.tomcat.TomcatWebServer.initialize(TomcatWebServer.java:126) ~[spring-boot-3.2.5.jar:3.2.5]
	at org.springframework.boot.web.embedded.tomcat.TomcatWebServer.<init>(TomcatWebServer.java:105) ~[spring-boot-3.2.5.jar:3.2.5]
	at org.springframework.boot.web.embedded.tomcat.TomcatServletWebServerFactory.getTomcatWebServer(TomcatServletWebServerFactory.java:499) ~[spring-boot-3.2.5.jar:3.2.5]
	at org.springframework.boot.web.embedded.tomcat.TomcatServletWebServerFactory.getWebServer(TomcatServletWebServerFactory.java:218) ~[spring-boot-3.2.5.jar:3.2.5]
	at org.springframework.boot.web.servlet.context.ServletWebServerApplicationContext.createWebServer(ServletWebServerApplicationContext.java:188) ~[spring-boot-3.2.5.jar:3.2.5]
	at org.springframework.boot.web.servlet.context.ServletWebServerApplicationContext.onRefresh(ServletWebServerApplicationContext.java:162) ~[spring-boot-3.2.5.jar:3.2.5]
	... 8 more
Caused by: org.springframework.beans.factory.UnsatisfiedDependencyException: Error creating bean with name 'securityConfig': Unsatisfied dependency expressed through field 'userRepository': Error creating bean with name 'userRepository' defined in payroll.repository.UserRepository defined in @EnableJpaRepositories declared on JpaRepositoriesRegistrar.EnableJpaRepositoriesConfiguration: Cannot resolve reference to bean 'jpaSharedEM_entityManagerFactory' while setting bean property 'entityManager'
	at org.springframework.beans.factory.annotation.AutowiredAnnotationBeanPostProcessor$AutowiredFieldElement.resolveFieldValue(AutowiredAnnotationBeanPostProcessor.java:787) ~[spring-beans-6.1.6.jar:6.1.6]
	at org.springframework.beans.factory.annotation.AutowiredAnnotationBeanPostProcessor$AutowiredFieldElement.inject(AutowiredAnnotationBeanPostProcessor.java:767) ~[spring-beans-6.1.6.jar:6.1.6]
	at org.springframework.beans.factory.annotation.InjectionMetadata.inject(InjectionMetadata.java:145) ~[spring-beans-6.1.6.jar:6.1.6]
	at org.springframework.beans.factory.annotation.AutowiredAnnotationBeanPostProcessor.postProcessProperties(AutowiredAnnotationBeanPostProcessor.java:508) ~[spring-beans-6.1.6.jar:6.1.6]
	at org.springframework.beans.factory.support.AbstractAutowireCapableBeanFactory.populateBean(AbstractAutowireCapableBeanFactory.java:1419) ~[spring-beans-6.1.6.jar:6.1.6]
	at org.springframework.beans.factory.support.AbstractAutowireCapableBeanFactory.doCreateBean(AbstractAutowireCapableBeanFactory.java:599) ~[spring-beans-6.1.6.jar:6.1.6]
	at org.springframework.beans.factory.support.AbstractAutowireCapableBeanFactory.createBean(AbstractAutowireCapableBeanFactory.java:522) ~[spring-beans-6.1.6.jar:6.1.6]
	at org.springframework.beans.factory.support.AbstractBeanFactory.lambda$doGetBean$0(AbstractBeanFactory.java:326) ~[spring-beans-6.1.6.jar:6.1.6]
	at org.springframework.beans.factory.support.DefaultSingletonBeanRegistry.getSingleton(DefaultSingletonBeanRegistry.java:234) ~[spring-beans-6.1.6.jar:6.1.6]
	at org.springframework.beans.factory.support.AbstractBeanFactory.doGetBean(AbstractBeanFactory.java:324) ~[spring-beans-6.1.6.jar:6.1.6]
	at org.springframework.beans.factory.support.AbstractBeanFactory.getBean(AbstractBeanFactory.java:200) ~[spring-beans-6.1.6.jar:6.1.6]
	at org.springframework.beans.factory.support.ConstructorResolver.instantiateUsingFactoryMethod(ConstructorResolver.java:409) ~[spring-beans-6.1.6.jar:6.1.6]
	at org.springframework.beans.factory.support.AbstractAutowireCapableBeanFactory.instantiateUsingFactoryMethod(AbstractAutowireCapableBeanFactory.java:1335) ~[spring-beans-6.1.6.jar:6.1.6]
	at org.springframework.beans.factory.support.AbstractAutowireCapableBeanFactory.createBeanInstance(AbstractAutowireCapableBeanFactory.java:1165) ~[spring-beans-6.1.6.jar:6.1.6]
	at org.springframework.beans.factory.support.AbstractAutowireCapableBeanFactory.doCreateBean(AbstractAutowireCapableBeanFactory.java:562) ~[spring-beans-6.1.6.jar:6.1.6]
	at org.springframework.beans.factory.support.AbstractAutowireCapableBeanFactory.createBean(AbstractAutowireCapableBeanFactory.java:522) ~[spring-beans-6.1.6.jar:6.1.6]
	at org.springframework.beans.factory.support.AbstractBeanFactory.lambda$doGetBean$0(AbstractBeanFactory.java:326) ~[spring-beans-6.1.6.jar:6.1.6]
	at org.springframework.beans.factory.support.DefaultSingletonBeanRegistry.getSingleton(DefaultSingletonBeanRegistry.java:234) ~[spring-beans-6.1.6.jar:6.1.6]
	at org.springframework.beans.factory.support.AbstractBeanFactory.doGetBean(AbstractBeanFactory.java:324) ~[spring-beans-6.1.6.jar:6.1.6]
	at org.springframework.beans.factory.support.AbstractBeanFactory.getBean(AbstractBeanFactory.java:200) ~[spring-beans-6.1.6.jar:6.1.6]
	at org.springframework.beans.factory.config.DependencyDescriptor.resolveCandidate(DependencyDescriptor.java:254) ~[spring-beans-6.1.6.jar:6.1.6]
	at org.springframework.beans.factory.support.DefaultListableBeanFactory.doResolveDependency(DefaultListableBeanFactory.java:1443) ~[spring-beans-6.1.6.jar:6.1.6]
	at org.springframework.beans.factory.support.DefaultListableBeanFactory.resolveDependency(DefaultListableBeanFactory.java:1353) ~[spring-beans-6.1.6.jar:6.1.6]
	at org.springframework.beans.factory.annotation.AutowiredAnnotationBeanPostProcessor$AutowiredFieldElement.resolveFieldValue(AutowiredAnnotationBeanPostProcessor.java:784) ~[spring-beans-6.1.6.jar:6.1.6]
	at org.springframework.beans.factory.annotation.AutowiredAnnotationBeanPostProcessor$AutowiredFieldElement.inject(AutowiredAnnotationBeanPostProcessor.java:767) ~[spring-beans-6.1.6.jar:6.1.6]
	at org.springframework.beans.factory.annotation.InjectionMetadata.inject(InjectionMetadata.java:145) ~[spring-beans-6.1.6.jar:6.1.6]
	at org.springframework.beans.factory.annotation.AutowiredAnnotationBeanPostProcessor.postProcessProperties(AutowiredAnnotationBeanPostProcessor.java:508) ~[spring-beans-6.1.6.jar:6.1.6]
	at org.springframework.beans.factory.support.AbstractAutowireCapableBeanFactory.populateBean(AbstractAutowireCapableBeanFactory.java:1419) ~[spring-beans-6.1.6.jar:6.1.6]
	at org.springframework.beans.factory.support.AbstractAutowireCapableBeanFactory.doCreateBean(AbstractAutowireCapableBeanFactory.java:599) ~[spring-beans-6.1.6.jar:6.1.6]
	at org.springframework.beans.factory.support.AbstractAutowireCapableBeanFactory.createBean(AbstractAutowireCapableBeanFactory.java:522) ~[spring-beans-6.1.6.jar:6.1.6]
	at org.springframework.beans.factory.support.AbstractBeanFactory.lambda$doGetBean$0(AbstractBeanFactory.java:326) ~[spring-beans-6.1.6.jar:6.1.6]
	at org.springframework.beans.factory.support.DefaultSingletonBeanRegistry.getSingleton(DefaultSingletonBeanRegistry.java:234) ~[spring-beans-6.1.6.jar:6.1.6]
	at org.springframework.beans.factory.support.AbstractBeanFactory.doGetBean(AbstractBeanFactory.java:324) ~[spring-beans-6.1.6.jar:6.1.6]
	at org.springframework.beans.factory.support.AbstractBeanFactory.getBean(AbstractBeanFactory.java:205) ~[spring-beans-6.1.6.jar:6.1.6]
	at org.springframework.boot.web.servlet.ServletContextInitializerBeans.getOrderedBeansOfType(ServletContextInitializerBeans.java:210) ~[spring-boot-3.2.5.jar:3.2.5]
	at org.springframework.boot.web.servlet.ServletContextInitializerBeans.addAsRegistrationBean(ServletContextInitializerBeans.java:173) ~[spring-boot-3.2.5.jar:3.2.5]
	at org.springframework.boot.web.servlet.ServletContextInitializerBeans.addAsRegistrationBean(ServletContextInitializerBeans.java:168) ~[spring-boot-3.2.5.jar:3.2.5]
	at org.springframework.boot.web.servlet.ServletContextInitializerBeans.addAdaptableBeans(ServletContextInitializerBeans.java:153) ~[spring-boot-3.2.5.jar:3.2.5]
	at org.springframework.boot.web.servlet.ServletContextInitializerBeans.<init>(ServletContextInitializerBeans.java:86) ~[spring-boot-3.2.5.jar:3.2.5]
	at org.springframework.boot.web.servlet.context.ServletWebServerApplicationContext.getServletContextInitializerBeans(ServletWebServerApplicationContext.java:266) ~[spring-boot-3.2.5.jar:3.2.5]
	at org.springframework.boot.web.servlet.context.ServletWebServerApplicationContext.selfInitialize(ServletWebServerApplicationContext.java:240) ~[spring-boot-3.2.5.jar:3.2.5]
	at org.springframework.boot.web.embedded.tomcat.TomcatStarter.onStartup(TomcatStarter.java:52) ~[spring-boot-3.2.5.jar:3.2.5]
	at org.apache.catalina.core.StandardContext.startInternal(StandardContext.java:4880) ~[tomcat-embed-core-10.1.20.jar:10.1.20]
	at org.apache.catalina.util.LifecycleBase.start(LifecycleBase.java:171) ~[tomcat-embed-core-10.1.20.jar:10.1.20]
	at org.apache.catalina.core.ContainerBase$StartChild.call(ContainerBase.java:1332) ~[tomcat-embed-core-10.1.20.jar:10.1.20]
	at org.apache.catalina.core.ContainerBase$StartChild.call(ContainerBase.java:1322) ~[tomcat-embed-core-10.1.20.jar:10.1.20]
	at java.base/java.util.concurrent.FutureTask.run(FutureTask.java:317) ~[?:?]
	at org.apache.tomcat.util.threads.InlineExecutorService.execute(InlineExecutorService.java:75) ~[tomcat-embed-core-10.1.20.jar:10.1.20]
	at java.base/java.util.concurrent.AbstractExecutorService.submit(AbstractExecutorService.java:148) ~[?:?]
	at org.apache.catalina.core.ContainerBase.startInternal(ContainerBase.java:866) ~[tomcat-embed-core-10.1.20.jar:10.1.20]
	at org.apache.catalina.core.StandardHost.startInternal(StandardHost.java:845) ~[tomcat-embed-core-10.1.20.jar:10.1.20]
	at org.apache.catalina.util.LifecycleBase.start(LifecycleBase.java:171) ~[tomcat-embed-core-10.1.20.jar:10.1.20]
	at org.apache.catalina.core.ContainerBase$StartChild.call(ContainerBase.java:1332) ~[tomcat-embed-core-10.1.20.jar:10.1.20]
	at org.apache.catalina.core.ContainerBase$StartChild.call(ContainerBase.java:1322) ~[tomcat-embed-core-10.1.20.jar:10.1.20]
	at java.base/java.util.concurrent.FutureTask.run(FutureTask.java:317) ~[?:?]
	at org.apache.tomcat.util.threads.InlineExecutorService.execute(InlineExecutorService.java:75) ~[tomcat-embed-core-10.1.20.jar:10.1.20]
	at java.base/java.util.concurrent.AbstractExecutorService.submit(AbstractExecutorService.java:148) ~[?:?]
	at org.apache.catalina.core.ContainerBase.startInternal(ContainerBase.java:866) ~[tomcat-embed-core-10.1.20.jar:10.1.20]
	at org.apache.catalina.core.StandardEngine.startInternal(StandardEngine.java:240) ~[tomcat-embed-core-10.1.20.jar:10.1.20]
	at org.apache.catalina.util.LifecycleBase.start(LifecycleBase.java:171) ~[tomcat-embed-core-10.1.20.jar:10.1.20]
	at org.apache.catalina.core.StandardService.startInternal(StandardService.java:433) ~[tomcat-embed-core-10.1.20.jar:10.1.20]
	at org.apache.catalina.util.LifecycleBase.start(LifecycleBase.java:171) ~[tomcat-embed-core-10.1.20.jar:10.1.20]
	at org.apache.catalina.core.StandardServer.startInternal(StandardServer.java:921) ~[tomcat-embed-core-10.1.20.jar:10.1.20]
	at org.apache.catalina.util.LifecycleBase.start(LifecycleBase.java:171) ~[tomcat-embed-core-10.1.20.jar:10.1.20]
	at org.apache.catalina.startup.Tomcat.start(Tomcat.java:437) ~[tomcat-embed-core-10.1.20.jar:10.1.20]
	at org.springframework.boot.web.embedded.tomcat.TomcatWebServer.initialize(TomcatWebServer.java:126) ~[spring-boot-3.2.5.jar:3.2.5]
	at org.springframework.boot.web.embedded.tomcat.TomcatWebServer.<init>(TomcatWebServer.java:105) ~[spring-boot-3.2.5.jar:3.2.5]
	at org.springframework.boot.web.embedded.tomcat.TomcatServletWebServerFactory.getTomcatWebServer(TomcatServletWebServerFactory.java:499) ~[spring-boot-3.2.5.jar:3.2.5]
	at org.springframework.boot.web.embedded.tomcat.TomcatServletWebServerFactory.getWebServer(TomcatServletWebServerFactory.java:218) ~[spring-boot-3.2.5.jar:3.2.5]
	at org.springframework.boot.web.servlet.context.ServletWebServerApplicationContext.createWebServer(ServletWebServerApplicationContext.java:188) ~[spring-boot-3.2.5.jar:3.2.5]
	at org.springframework.boot.web.servlet.context.ServletWebServerApplicationContext.onRefresh(ServletWebServerApplicationContext.java:162) ~[spring-boot-3.2.5.jar:3.2.5]
	... 8 more
Caused by: org.springframework.beans.factory.BeanCreationException: Error creating bean with name 'userRepository' defined in payroll.repository.UserRepository defined in @EnableJpaRepositories declared on JpaRepositoriesRegistrar.EnableJpaRepositoriesConfiguration: Cannot resolve reference to bean 'jpaSharedEM_entityManagerFactory' while setting bean property 'entityManager'
	at org.springframework.beans.factory.support.BeanDefinitionValueResolver.resolveReference(BeanDefinitionValueResolver.java:377) ~[spring-beans-6.1.6.jar:6.1.6]
	at org.springframework.beans.factory.support.BeanDefinitionValueResolver.resolveValueIfNecessary(BeanDefinitionValueResolver.java:135) ~[spring-beans-6.1.6.jar:6.1.6]
	at org.springframework.beans.factory.support.AbstractAutowireCapableBeanFactory.applyPropertyValues(AbstractAutowireCapableBeanFactory.java:1685) ~[spring-beans-6.1.6.jar:6.1.6]
	at org.springframework.beans.factory.support.AbstractAutowireCapableBeanFactory.populateBean(AbstractAutowireCapableBeanFactory.java:1434) ~[spring-beans-6.1.6.jar:6.1.6]
	at org.springframework.beans.factory.support.AbstractAutowireCapableBeanFactory.doCreateBean(AbstractAutowireCapableBeanFactory.java:599) ~[spring-beans-6.1.6.jar:6.1.6]
	at org.springframework.beans.factory.support.AbstractAutowireCapableBeanFactory.createBean(AbstractAutowireCapableBeanFactory.java:522) ~[spring-beans-6.1.6.jar:6.1.6]
	at org.springframework.beans.factory.support.AbstractBeanFactory.lambda$doGetBean$0(AbstractBeanFactory.java:326) ~[spring-beans-6.1.6.jar:6.1.6]
	at org.springframework.beans.factory.support.DefaultSingletonBeanRegistry.getSingleton(DefaultSingletonBeanRegistry.java:234) ~[spring-beans-6.1.6.jar:6.1.6]
	at org.springframework.beans.factory.support.AbstractBeanFactory.doGetBean(AbstractBeanFactory.java:324) ~[spring-beans-6.1.6.jar:6.1.6]
	at org.springframework.beans.factory.support.AbstractBeanFactory.getBean(AbstractBeanFactory.java:200) ~[spring-beans-6.1.6.jar:6.1.6]
	at org.springframework.beans.factory.config.DependencyDescriptor.resolveCandidate(DependencyDescriptor.java:254) ~[spring-beans-6.1.6.jar:6.1.6]
	at org.springframework.beans.factory.support.DefaultListableBeanFactory.doResolveDependency(DefaultListableBeanFactory.java:1443) ~[spring-beans-6.1.6.jar:6.1.6]
	at org.springframework.beans.factory.support.DefaultListableBeanFactory.resolveDependency(DefaultListableBeanFactory.java:1353) ~[spring-beans-6.1.6.jar:6.1.6]
	at org.springframework.beans.factory.annotation.AutowiredAnnotationBeanPostProcessor$AutowiredFieldElement.resolveFieldValue(AutowiredAnnotationBeanPostProcessor.java:784) ~[spring-beans-6.1.6.jar:6.1.6]
	at org.springframework.beans.factory.annotation.AutowiredAnnotationBeanPostProcessor$AutowiredFieldElement.inject(AutowiredAnnotationBeanPostProcessor.java:767) ~[spring-beans-6.1.6.jar:6.1.6]
	at org.springframework.beans.factory.annotation.InjectionMetadata.inject(InjectionMetadata.java:145) ~[spring-beans-6.1.6.jar:6.1.6]
	at org.springframework.beans.factory.annotation.AutowiredAnnotationBeanPostProcessor.postProcessProperties(AutowiredAnnotationBeanPostProcessor.java:508) ~[spring-beans-6.1.6.jar:6.1.6]
	at org.springframework.beans.factory.support.AbstractAutowireCapableBeanFactory.populateBean(AbstractAutowireCapableBeanFactory.java:1419) ~[spring-beans-6.1.6.jar:6.1.6]
	at org.springframework.beans.factory.support.AbstractAutowireCapableBeanFactory.doCreateBean(AbstractAutowireCapableBeanFactory.java:599) ~[spring-beans-6.1.6.jar:6.1.6]
	at org.springframework.beans.factory.support.AbstractAutowireCapableBeanFactory.createBean(AbstractAutowireCapableBeanFactory.java:522) ~[spring-beans-6.1.6.jar:6.1.6]
	at org.springframework.beans.factory.support.AbstractBeanFactory.lambda$doGetBean$0(AbstractBeanFactory.java:326) ~[spring-beans-6.1.6.jar:6.1.6]
	at org.springframework.beans.factory.support.DefaultSingletonBeanRegistry.getSingleton(DefaultSingletonBeanRegistry.java:234) ~[spring-beans-6.1.6.jar:6.1.6]
	at org.springframework.beans.factory.support.AbstractBeanFactory.doGetBean(AbstractBeanFactory.java:324) ~[spring-beans-6.1.6.jar:6.1.6]
	at org.springframework.beans.factory.support.AbstractBeanFactory.getBean(AbstractBeanFactory.java:200) ~[spring-beans-6.1.6.jar:6.1.6]
	at org.springframework.beans.factory.support.ConstructorResolver.instantiateUsingFactoryMethod(ConstructorResolver.java:409) ~[spring-beans-6.1.6.jar:6.1.6]
	at org.springframework.beans.factory.support.AbstractAutowireCapableBeanFactory.instantiateUsingFactoryMethod(AbstractAutowireCapableBeanFactory.java:1335) ~[spring-beans-6.1.6.jar:6.1.6]
	at org.springframework.beans.factory.support.AbstractAutowireCapableBeanFactory.createBeanInstance(AbstractAutowireCapableBeanFactory.java:1165) ~[spring-beans-6.1.6.jar:6.1.6]
	at org.springframework.beans.factory.support.AbstractAutowireCapableBeanFactory.doCreateBean(AbstractAutowireCapableBeanFactory.java:562) ~[spring-beans-6.1.6.jar:6.1.6]
	at org.springframework.beans.factory.support.AbstractAutowireCapableBeanFactory.createBean(AbstractAutowireCapableBeanFactory.java:522) ~[spring-beans-6.1.6.jar:6.1.6]
	at org.springframework.beans.factory.support.AbstractBeanFactory.lambda$doGetBean$0(AbstractBeanFactory.java:326) ~[spring-beans-6.1.6.jar:6.1.6]
	at org.springframework.beans.factory.support.DefaultSingletonBeanRegistry.getSingleton(DefaultSingletonBeanRegistry.java:234) ~[spring-beans-6.1.6.jar:6.1.6]
	at org.springframework.beans.factory.support.AbstractBeanFactory.doGetBean(AbstractBeanFactory.java:324) ~[spring-beans-6.1.6.jar:6.1.6]
	at org.springframework.beans.factory.support.AbstractBeanFactory.getBean(AbstractBeanFactory.java:200) ~[spring-beans-6.1.6.jar:6.1.6]
	at org.springframework.beans.factory.config.DependencyDescriptor.resolveCandidate(DependencyDescriptor.java:254) ~[spring-beans-6.1.6.jar:6.1.6]
	at org.springframework.beans.factory.support.DefaultListableBeanFactory.doResolveDependency(DefaultListableBeanFactory.java:1443) ~[spring-beans-6.1.6.jar:6.1.6]
	at org.springframework.beans.factory.support.DefaultListableBeanFactory.resolveDependency(DefaultListableBeanFactory.java:1353) ~[spring-beans-6.1.6.jar:6.1.6]
	at org.springframework.beans.factory.annotation.AutowiredAnnotationBeanPostProcessor$AutowiredFieldElement.resolveFieldValue(AutowiredAnnotationBeanPostProcessor.java:784) ~[spring-beans-6.1.6.jar:6.1.6]
	at org.springframework.beans.factory.annotation.AutowiredAnnotationBeanPostProcessor$AutowiredFieldElement.inject(AutowiredAnnotationBeanPostProcessor.java:767) ~[spring-beans-6.1.6.jar:6.1.6]
	at org.springframework.beans.factory.annotation.InjectionMetadata.inject(InjectionMetadata.java:145) ~[spring-beans-6.1.6.jar:6.1.6]
	at org.springframework.beans.factory.annotation.AutowiredAnnotationBeanPostProcessor.postProcessProperties(AutowiredAnnotationBeanPostProcessor.java:508) ~[spring-beans-6.1.6.jar:6.1.6]
	at org.springframework.beans.factory.support.AbstractAutowireCapableBeanFactory.populateBean(AbstractAutowireCapableBeanFactory.java:1419) ~[spring-beans-6.1.6.jar:6.1.6]
	at org.springframework.beans.factory.support.AbstractAutowireCapableBeanFactory.doCreateBean(AbstractAutowireCapableBeanFactory.java:599) ~[spring-beans-6.1.6.jar:6.1.6]
	at org.springframework.beans.factory.support.AbstractAutowireCapableBeanFactory.createBean(AbstractAutowireCapableBeanFactory.java:522) ~[spring-beans-6.1.6.jar:6.1.6]
	at org.springframework.beans.factory.support.AbstractBeanFactory.lambda$doGetBean$0(AbstractBeanFactory.java:326) ~[spring-beans-6.1.6.jar:6.1.6]
	at org.springframework.beans.factory.support.DefaultSingletonBeanRegistry.getSingleton(DefaultSingletonBeanRegistry.java:234) ~[spring-beans-6.1.6.jar:6.1.6]
	at org.springframework.beans.factory.support.AbstractBeanFactory.doGetBean(AbstractBeanFactory.java:324) ~[spring-beans-6.1.6.jar:6.1.6]
	at org.springframework.beans.factory.support.AbstractBeanFactory.getBean(AbstractBeanFactory.java:205) ~[spring-beans-6.1.6.jar:6.1.6]
	at org.springframework.boot.web.servlet.ServletContextInitializerBeans.getOrderedBeansOfType(ServletContextInitializerBeans.java:210) ~[spring-boot-3.2.5.jar:3.2.5]
	at org.springframework.boot.web.servlet.ServletContextInitializerBeans.addAsRegistrationBean(ServletContextInitializerBeans.java:173) ~[spring-boot-3.2.5.jar:3.2.5]
	at org.springframework.boot.web.servlet.ServletContextInitializerBeans.addAsRegistrationBean(ServletContextInitializerBeans.java:168) ~[spring-boot-3.2.5.jar:3.2.5]
	at org.springframework.boot.web.servlet.ServletContextInitializerBeans.addAdaptableBeans(ServletContextInitializerBeans.java:153) ~[spring-boot-3.2.5.jar:3.2.5]
	at org.springframework.boot.web.servlet.ServletContextInitializerBeans.<init>(ServletContextInitializerBeans.java:86) ~[spring-boot-3.2.5.jar:3.2.5]
	at org.springframework.boot.web.servlet.context.ServletWebServerApplicationContext.getServletContextInitializerBeans(ServletWebServerApplicationContext.java:266) ~[spring-boot-3.2.5.jar:3.2.5]
	at org.springframework.boot.web.servlet.context.ServletWebServerApplicationContext.selfInitialize(ServletWebServerApplicationContext.java:240) ~[spring-boot-3.2.5.jar:3.2.5]
	at org.springframework.boot.web.embedded.tomcat.TomcatStarter.onStartup(TomcatStarter.java:52) ~[spring-boot-3.2.5.jar:3.2.5]
	at org.apache.catalina.core.StandardContext.startInternal(StandardContext.java:4880) ~[tomcat-embed-core-10.1.20.jar:10.1.20]
	at org.apache.catalina.util.LifecycleBase.start(LifecycleBase.java:171) ~[tomcat-embed-core-10.1.20.jar:10.1.20]
	at org.apache.catalina.core.ContainerBase$StartChild.call(ContainerBase.java:1332) ~[tomcat-embed-core-10.1.20.jar:10.1.20]
	at org.apache.catalina.core.ContainerBase$StartChild.call(ContainerBase.java:1322) ~[tomcat-embed-core-10.1.20.jar:10.1.20]
	at java.base/java.util.concurrent.FutureTask.run(FutureTask.java:317) ~[?:?]
	at org.apache.tomcat.util.threads.InlineExecutorService.execute(InlineExecutorService.java:75) ~[tomcat-embed-core-10.1.20.jar:10.1.20]
	at java.base/java.util.concurrent.AbstractExecutorService.submit(AbstractExecutorService.java:148) ~[?:?]
	at org.apache.catalina.core.ContainerBase.startInternal(ContainerBase.java:866) ~[tomcat-embed-core-10.1.20.jar:10.1.20]
	at org.apache.catalina.core.StandardHost.startInternal(StandardHost.java:845) ~[tomcat-embed-core-10.1.20.jar:10.1.20]
	at org.apache.catalina.util.LifecycleBase.start(LifecycleBase.java:171) ~[tomcat-embed-core-10.1.20.jar:10.1.20]
	at org.apache.catalina.core.ContainerBase$StartChild.call(ContainerBase.java:1332) ~[tomcat-embed-core-10.1.20.jar:10.1.20]
	at org.apache.catalina.core.ContainerBase$StartChild.call(ContainerBase.java:1322) ~[tomcat-embed-core-10.1.20.jar:10.1.20]
	at java.base/java.util.concurrent.FutureTask.run(FutureTask.java:317) ~[?:?]
	at org.apache.tomcat.util.threads.InlineExecutorService.execute(InlineExecutorService.java:75) ~[tomcat-embed-core-10.1.20.jar:10.1.20]
	at java.base/java.util.concurrent.AbstractExecutorService.submit(AbstractExecutorService.java:148) ~[?:?]
	at org.apache.catalina.core.ContainerBase.startInternal(ContainerBase.java:866) ~[tomcat-embed-core-10.1.20.jar:10.1.20]
	at org.apache.catalina.core.StandardEngine.startInternal(StandardEngine.java:240) ~[tomcat-embed-core-10.1.20.jar:10.1.20]
	at org.apache.catalina.util.LifecycleBase.start(LifecycleBase.java:171) ~[tomcat-embed-core-10.1.20.jar:10.1.20]
	at org.apache.catalina.core.StandardService.startInternal(StandardService.java:433) ~[tomcat-embed-core-10.1.20.jar:10.1.20]
	at org.apache.catalina.util.LifecycleBase.start(LifecycleBase.java:171) ~[tomcat-embed-core-10.1.20.jar:10.1.20]
	at org.apache.catalina.core.StandardServer.startInternal(StandardServer.java:921) ~[tomcat-embed-core-10.1.20.jar:10.1.20]
	at org.apache.catalina.util.LifecycleBase.start(LifecycleBase.java:171) ~[tomcat-embed-core-10.1.20.jar:10.1.20]
	at org.apache.catalina.startup.Tomcat.start(Tomcat.java:437) ~[tomcat-embed-core-10.1.20.jar:10.1.20]
	at org.springframework.boot.web.embedded.tomcat.TomcatWebServer.initialize(TomcatWebServer.java:126) ~[spring-boot-3.2.5.jar:3.2.5]
	at org.springframework.boot.web.embedded.tomcat.TomcatWebServer.<init>(TomcatWebServer.java:105) ~[spring-boot-3.2.5.jar:3.2.5]
	at org.springframework.boot.web.embedded.tomcat.TomcatServletWebServerFactory.getTomcatWebServer(TomcatServletWebServerFactory.java:499) ~[spring-boot-3.2.5.jar:3.2.5]
	at org.springframework.boot.web.embedded.tomcat.TomcatServletWebServerFactory.getWebServer(TomcatServletWebServerFactory.java:218) ~[spring-boot-3.2.5.jar:3.2.5]
	at org.springframework.boot.web.servlet.context.ServletWebServerApplicationContext.createWebServer(ServletWebServerApplicationContext.java:188) ~[spring-boot-3.2.5.jar:3.2.5]
	at org.springframework.boot.web.servlet.context.ServletWebServerApplicationContext.onRefresh(ServletWebServerApplicationContext.java:162) ~[spring-boot-3.2.5.jar:3.2.5]
	... 8 more
Caused by: org.springframework.beans.factory.BeanCreationException: Error creating bean with name 'jpaSharedEM_entityManagerFactory': Cannot resolve reference to bean 'entityManagerFactory' while setting constructor argument
	at org.springframework.beans.factory.support.BeanDefinitionValueResolver.resolveReference(BeanDefinitionValueResolver.java:377) ~[spring-beans-6.1.6.jar:6.1.6]
	at org.springframework.beans.factory.support.BeanDefinitionValueResolver.resolveValueIfNecessary(BeanDefinitionValueResolver.java:135) ~[spring-beans-6.1.6.jar:6.1.6]
	at org.springframework.beans.factory.support.ConstructorResolver.resolveConstructorArguments(ConstructorResolver.java:682) ~[spring-beans-6.1.6.jar:6.1.6]
	at org.springframework.beans.factory.support.ConstructorResolver.instantiateUsingFactoryMethod(ConstructorResolver.java:509) ~[spring-beans-6.1.6.jar:6.1.6]
	at org.springframework.beans.factory.support.AbstractAutowireCapableBeanFactory.instantiateUsingFactoryMethod(AbstractAutowireCapableBeanFactory.java:1335) ~[spring-beans-6.1.6.jar:6.1.6]
	at org.springframework.beans.factory.support.AbstractAutowireCapableBeanFactory.createBeanInstance(AbstractAutowireCapableBeanFactory.java:1165) ~[spring-beans-6.1.6.jar:6.1.6]
	at org.springframework.beans.factory.support.AbstractAutowireCapableBeanFactory.doCreateBean(AbstractAutowireCapableBeanFactory.java:562) ~[spring-beans-6.1.6.jar:6.1.6]
	at org.springframework.beans.factory.support.AbstractAutowireCapableBeanFactory.createBean(AbstractAutowireCapableBeanFactory.java:522) ~[spring-beans-6.1.6.jar:6.1.6]
	at org.springframework.beans.factory.support.AbstractBeanFactory.lambda$doGetBean$0(AbstractBeanFactory.java:326) ~[spring-beans-6.1.6.jar:6.1.6]
	at org.springframework.beans.factory.support.DefaultSingletonBeanRegistry.getSingleton(DefaultSingletonBeanRegistry.java:234) ~[spring-beans-6.1.6.jar:6.1.6]
	at org.springframework.beans.factory.support.AbstractBeanFactory.doGetBean(AbstractBeanFactory.java:324) ~[spring-beans-6.1.6.jar:6.1.6]
	at org.springframework.beans.factory.support.AbstractBeanFactory.getBean(AbstractBeanFactory.java:200) ~[spring-beans-6.1.6.jar:6.1.6]
	at org.springframework.beans.factory.support.BeanDefinitionValueResolver.resolveReference(BeanDefinitionValueResolver.java:365) ~[spring-beans-6.1.6.jar:6.1.6]
	at org.springframework.beans.factory.support.BeanDefinitionValueResolver.resolveValueIfNecessary(BeanDefinitionValueResolver.java:135) ~[spring-beans-6.1.6.jar:6.1.6]
	at org.springframework.beans.factory.support.AbstractAutowireCapableBeanFactory.applyPropertyValues(AbstractAutowireCapableBeanFactory.java:1685) ~[spring-beans-6.1.6.jar:6.1.6]
	at org.springframework.beans.factory.support.AbstractAutowireCapableBeanFactory.populateBean(AbstractAutowireCapableBeanFactory.java:1434) ~[spring-beans-6.1.6.jar:6.1.6]
	at org.springframework.beans.factory.support.AbstractAutowireCapableBeanFactory.doCreateBean(AbstractAutowireCapableBeanFactory.java:599) ~[spring-beans-6.1.6.jar:6.1.6]
	at org.springframework.beans.factory.support.AbstractAutowireCapableBeanFactory.createBean(AbstractAutowireCapableBeanFactory.java:522) ~[spring-beans-6.1.6.jar:6.1.6]
	at org.springframework.beans.factory.support.AbstractBeanFactory.lambda$doGetBean$0(AbstractBeanFactory.java:326) ~[spring-beans-6.1.6.jar:6.1.6]
	at org.springframework.beans.factory.support.DefaultSingletonBeanRegistry.getSingleton(DefaultSingletonBeanRegistry.java:234) ~[spring-beans-6.1.6.jar:6.1.6]
	at org.springframework.beans.factory.support.AbstractBeanFactory.doGetBean(AbstractBeanFactory.java:324) ~[spring-beans-6.1.6.jar:6.1.6]
	at org.springframework.beans.factory.support.AbstractBeanFactory.getBean(AbstractBeanFactory.java:200) ~[spring-beans-6.1.6.jar:6.1.6]
	at org.springframework.beans.factory.config.DependencyDescriptor.resolveCandidate(DependencyDescriptor.java:254) ~[spring-beans-6.1.6.jar:6.1.6]
	at org.springframework.beans.factory.support.DefaultListableBeanFactory.doResolveDependency(DefaultListableBeanFactory.java:1443) ~[spring-beans-6.1.6.jar:6.1.6]
	at org.springframework.beans.factory.support.DefaultListableBeanFactory.resolveDependency(DefaultListableBeanFactory.java:1353) ~[spring-beans-6.1.6.jar:6.1.6]
	at org.springframework.beans.factory.annotation.AutowiredAnnotationBeanPostProcessor$AutowiredFieldElement.resolveFieldValue(AutowiredAnnotationBeanPostProcessor.java:784) ~[spring-beans-6.1.6.jar:6.1.6]
	at org.springframework.beans.factory.annotation.AutowiredAnnotationBeanPostProcessor$AutowiredFieldElement.inject(AutowiredAnnotationBeanPostProcessor.java:767) ~[spring-beans-6.1.6.jar:6.1.6]
	at org.springframework.beans.factory.annotation.InjectionMetadata.inject(InjectionMetadata.java:145) ~[spring-beans-6.1.6.jar:6.1.6]
	at org.springframework.beans.factory.annotation.AutowiredAnnotationBeanPostProcessor.postProcessProperties(AutowiredAnnotationBeanPostProcessor.java:508) ~[spring-beans-6.1.6.jar:6.1.6]
	at org.springframework.beans.factory.support.AbstractAutowireCapableBeanFactory.populateBean(AbstractAutowireCapableBeanFactory.java:1419) ~[spring-beans-6.1.6.jar:6.1.6]
	at org.springframework.beans.factory.support.AbstractAutowireCapableBeanFactory.doCreateBean(AbstractAutowireCapableBeanFactory.java:599) ~[spring-beans-6.1.6.jar:6.1.6]
	at org.springframework.beans.factory.support.AbstractAutowireCapableBeanFactory.createBean(AbstractAutowireCapableBeanFactory.java:522) ~[spring-beans-6.1.6.jar:6.1.6]
	at org.springframework.beans.factory.support.AbstractBeanFactory.lambda$doGetBean$0(AbstractBeanFactory.java:326) ~[spring-beans-6.1.6.jar:6.1.6]
	at org.springframework.beans.factory.support.DefaultSingletonBeanRegistry.getSingleton(DefaultSingletonBeanRegistry.java:234) ~[spring-beans-6.1.6.jar:6.1.6]
	at org.springframework.beans.factory.support.AbstractBeanFactory.doGetBean(AbstractBeanFactory.java:324) ~[spring-beans-6.1.6.jar:6.1.6]
	at org.springframework.beans.factory.support.AbstractBeanFactory.getBean(AbstractBeanFactory.java:200) ~[spring-beans-6.1.6.jar:6.1.6]
	at org.springframework.beans.factory.support.ConstructorResolver.instantiateUsingFactoryMethod(ConstructorResolver.java:409) ~[spring-beans-6.1.6.jar:6.1.6]
	at org.springframework.beans.factory.support.AbstractAutowireCapableBeanFactory.instantiateUsingFactoryMethod(AbstractAutowireCapableBeanFactory.java:1335) ~[spring-beans-6.1.6.jar:6.1.6]
	at org.springframework.beans.factory.support.AbstractAutowireCapableBeanFactory.createBeanInstance(AbstractAutowireCapableBeanFactory.java:1165) ~[spring-beans-6.1.6.jar:6.1.6]
	at org.springframework.beans.factory.support.AbstractAutowireCapableBeanFactory.doCreateBean(AbstractAutowireCapableBeanFactory.java:562) ~[spring-beans-6.1.6.jar:6.1.6]
	at org.springframework.beans.factory.support.AbstractAutowireCapableBeanFactory.createBean(AbstractAutowireCapableBeanFactory.java:522) ~[spring-beans-6.1.6.jar:6.1.6]
	at org.springframework.beans.factory.support.AbstractBeanFactory.lambda$doGetBean$0(AbstractBeanFactory.java:326) ~[spring-beans-6.1.6.jar:6.1.6]
	at org.springframework.beans.factory.support.DefaultSingletonBeanRegistry.getSingleton(DefaultSingletonBeanRegistry.java:234) ~[spring-beans-6.1.6.jar:6.1.6]
	at org.springframework.beans.factory.support.AbstractBeanFactory.doGetBean(AbstractBeanFactory.java:324) ~[spring-beans-6.1.6.jar:6.1.6]
	at org.springframework.beans.factory.support.AbstractBeanFactory.getBean(AbstractBeanFactory.java:200) ~[spring-beans-6.1.6.jar:6.1.6]
	at org.springframework.beans.factory.config.DependencyDescriptor.resolveCandidate(DependencyDescriptor.java:254) ~[spring-beans-6.1.6.jar:6.1.6]
	at org.springframework.beans.factory.support.DefaultListableBeanFactory.doResolveDependency(DefaultListableBeanFactory.java:1443) ~[spring-beans-6.1.6.jar:6.1.6]
	at org.springframework.beans.factory.support.DefaultListableBeanFactory.resolveDependency(DefaultListableBeanFactory.java:1353) ~[spring-beans-6.1.6.jar:6.1.6]
	at org.springframework.beans.factory.annotation.AutowiredAnnotationBeanPostProcessor$AutowiredFieldElement.resolveFieldValue(AutowiredAnnotationBeanPostProcessor.java:784) ~[spring-beans-6.1.6.jar:6.1.6]
	at org.springframework.beans.factory.annotation.AutowiredAnnotationBeanPostProcessor$AutowiredFieldElement.inject(AutowiredAnnotationBeanPostProcessor.java:767) ~[spring-beans-6.1.6.jar:6.1.6]
	at org.springframework.beans.factory.annotation.InjectionMetadata.inject(InjectionMetadata.java:145) ~[spring-beans-6.1.6.jar:6.1.6]
	at org.springframework.beans.factory.annotation.AutowiredAnnotationBeanPostProcessor.postProcessProperties(AutowiredAnnotationBeanPostProcessor.java:508) ~[spring-beans-6.1.6.jar:6.1.6]
	at org.springframework.beans.factory.support.AbstractAutowireCapableBeanFactory.populateBean(AbstractAutowireCapableBeanFactory.java:1419) ~[spring-beans-6.1.6.jar:6.1.6]
	at org.springframework.beans.factory.support.AbstractAutowireCapableBeanFactory.doCreateBean(AbstractAutowireCapableBeanFactory.java:599) ~[spring-beans-6.1.6.jar:6.1.6]
	at org.springframework.beans.factory.support.AbstractAutowireCapableBeanFactory.createBean(AbstractAutowireCapableBeanFactory.java:522) ~[spring-beans-6.1.6.jar:6.1.6]
	at org.springframework.beans.factory.support.AbstractBeanFactory.lambda$doGetBean$0(AbstractBeanFactory.java:326) ~[spring-beans-6.1.6.jar:6.1.6]
	at org.springframework.beans.factory.support.DefaultSingletonBeanRegistry.getSingleton(DefaultSingletonBeanRegistry.java:234) ~[spring-beans-6.1.6.jar:6.1.6]
	at org.springframework.beans.factory.support.AbstractBeanFactory.doGetBean(AbstractBeanFactory.java:324) ~[spring-beans-6.1.6.jar:6.1.6]
	at org.springframework.beans.factory.support.AbstractBeanFactory.getBean(AbstractBeanFactory.java:205) ~[spring-beans-6.1.6.jar:6.1.6]
	at org.springframework.boot.web.servlet.ServletContextInitializerBeans.getOrderedBeansOfType(ServletContextInitializerBeans.java:210) ~[spring-boot-3.2.5.jar:3.2.5]
	at org.springframework.boot.web.servlet.ServletContextInitializerBeans.addAsRegistrationBean(ServletContextInitializerBeans.java:173) ~[spring-boot-3.2.5.jar:3.2.5]
	at org.springframework.boot.web.servlet.ServletContextInitializerBeans.addAsRegistrationBean(ServletContextInitializerBeans.java:168) ~[spring-boot-3.2.5.jar:3.2.5]
	at org.springframework.boot.web.servlet.ServletContextInitializerBeans.addAdaptableBeans(ServletContextInitializerBeans.java:153) ~[spring-boot-3.2.5.jar:3.2.5]
	at org.springframework.boot.web.servlet.ServletContextInitializerBeans.<init>(ServletContextInitializerBeans.java:86) ~[spring-boot-3.2.5.jar:3.2.5]
	at org.springframework.boot.web.servlet.context.ServletWebServerApplicationContext.getServletContextInitializerBeans(ServletWebServerApplicationContext.java:266) ~[spring-boot-3.2.5.jar:3.2.5]
	at org.springframework.boot.web.servlet.context.ServletWebServerApplicationContext.selfInitialize(ServletWebServerApplicationContext.java:240) ~[spring-boot-3.2.5.jar:3.2.5]
	at org.springframework.boot.web.embedded.tomcat.TomcatStarter.onStartup(TomcatStarter.java:52) ~[spring-boot-3.2.5.jar:3.2.5]
	at org.apache.catalina.core.StandardContext.startInternal(StandardContext.java:4880) ~[tomcat-embed-core-10.1.20.jar:10.1.20]
	at org.apache.catalina.util.LifecycleBase.start(LifecycleBase.java:171) ~[tomcat-embed-core-10.1.20.jar:10.1.20]
	at org.apache.catalina.core.ContainerBase$StartChild.call(ContainerBase.java:1332) ~[tomcat-embed-core-10.1.20.jar:10.1.20]
	at org.apache.catalina.core.ContainerBase$StartChild.call(ContainerBase.java:1322) ~[tomcat-embed-core-10.1.20.jar:10.1.20]
	at java.base/java.util.concurrent.FutureTask.run(FutureTask.java:317) ~[?:?]
	at org.apache.tomcat.util.threads.InlineExecutorService.execute(InlineExecutorService.java:75) ~[tomcat-embed-core-10.1.20.jar:10.1.20]
	at java.base/java.util.concurrent.AbstractExecutorService.submit(AbstractExecutorService.java:148) ~[?:?]
	at org.apache.catalina.core.ContainerBase.startInternal(ContainerBase.java:866) ~[tomcat-embed-core-10.1.20.jar:10.1.20]
	at org.apache.catalina.core.StandardHost.startInternal(StandardHost.java:845) ~[tomcat-embed-core-10.1.20.jar:10.1.20]
	at org.apache.catalina.util.LifecycleBase.start(LifecycleBase.java:171) ~[tomcat-embed-core-10.1.20.jar:10.1.20]
	at org.apache.catalina.core.ContainerBase$StartChild.call(ContainerBase.java:1332) ~[tomcat-embed-core-10.1.20.jar:10.1.20]
	at org.apache.catalina.core.ContainerBase$StartChild.call(ContainerBase.java:1322) ~[tomcat-embed-core-10.1.20.jar:10.1.20]
	at java.base/java.util.concurrent.FutureTask.run(FutureTask.java:317) ~[?:?]
	at org.apache.tomcat.util.threads.InlineExecutorService.execute(InlineExecutorService.java:75) ~[tomcat-embed-core-10.1.20.jar:10.1.20]
	at java.base/java.util.concurrent.AbstractExecutorService.submit(AbstractExecutorService.java:148) ~[?:?]
	at org.apache.catalina.core.ContainerBase.startInternal(ContainerBase.java:866) ~[tomcat-embed-core-10.1.20.jar:10.1.20]
	at org.apache.catalina.core.StandardEngine.startInternal(StandardEngine.java:240) ~[tomcat-embed-core-10.1.20.jar:10.1.20]
	at org.apache.catalina.util.LifecycleBase.start(LifecycleBase.java:171) ~[tomcat-embed-core-10.1.20.jar:10.1.20]
	at org.apache.catalina.core.StandardService.startInternal(StandardService.java:433) ~[tomcat-embed-core-10.1.20.jar:10.1.20]
	at org.apache.catalina.util.LifecycleBase.start(LifecycleBase.java:171) ~[tomcat-embed-core-10.1.20.jar:10.1.20]
	at org.apache.catalina.core.StandardServer.startInternal(StandardServer.java:921) ~[tomcat-embed-core-10.1.20.jar:10.1.20]
	at org.apache.catalina.util.LifecycleBase.start(LifecycleBase.java:171) ~[tomcat-embed-core-10.1.20.jar:10.1.20]
	at org.apache.catalina.startup.Tomcat.start(Tomcat.java:437) ~[tomcat-embed-core-10.1.20.jar:10.1.20]
	at org.springframework.boot.web.embedded.tomcat.TomcatWebServer.initialize(TomcatWebServer.java:126) ~[spring-boot-3.2.5.jar:3.2.5]
	at org.springframework.boot.web.embedded.tomcat.TomcatWebServer.<init>(TomcatWebServer.java:105) ~[spring-boot-3.2.5.jar:3.2.5]
	at org.springframework.boot.web.embedded.tomcat.TomcatServletWebServerFactory.getTomcatWebServer(TomcatServletWebServerFactory.java:499) ~[spring-boot-3.2.5.jar:3.2.5]
	at org.springframework.boot.web.embedded.tomcat.TomcatServletWebServerFactory.getWebServer(TomcatServletWebServerFactory.java:218) ~[spring-boot-3.2.5.jar:3.2.5]
	at org.springframework.boot.web.servlet.context.ServletWebServerApplicationContext.createWebServer(ServletWebServerApplicationContext.java:188) ~[spring-boot-3.2.5.jar:3.2.5]
	at org.springframework.boot.web.servlet.context.ServletWebServerApplicationContext.onRefresh(ServletWebServerApplicationContext.java:162) ~[spring-boot-3.2.5.jar:3.2.5]
	... 8 more
Caused by: org.springframework.beans.factory.BeanCreationException: Error creating bean with name 'entityManagerFactory' defined in class path resource [org/springframework/boot/autoconfigure/orm/jpa/HibernateJpaConfiguration.class]: [PersistenceUnit: default] Unable to build Hibernate SessionFactory; nested exception is java.lang.RuntimeException: Driver org.h2.Driver claims to not accept jdbcUrl, ${DB_URL}
	at org.springframework.beans.factory.support.AbstractAutowireCapableBeanFactory.initializeBean(AbstractAutowireCapableBeanFactory.java:1786) ~[spring-beans-6.1.6.jar:6.1.6]
	at org.springframework.beans.factory.support.AbstractAutowireCapableBeanFactory.doCreateBean(AbstractAutowireCapableBeanFactory.java:600) ~[spring-beans-6.1.6.jar:6.1.6]
	at org.springframework.beans.factory.support.AbstractAutowireCapableBeanFactory.createBean(AbstractAutowireCapableBeanFactory.java:522) ~[spring-beans-6.1.6.jar:6.1.6]
	at org.springframework.beans.factory.support.AbstractBeanFactory.lambda$doGetBean$0(AbstractBeanFactory.java:326) ~[spring-beans-6.1.6.jar:6.1.6]
	at org.springframework.beans.factory.support.DefaultSingletonBeanRegistry.getSingleton(DefaultSingletonBeanRegistry.java:234) ~[spring-beans-6.1.6.jar:6.1.6]
	at org.springframework.beans.factory.support.AbstractBeanFactory.doGetBean(AbstractBeanFactory.java:324) ~[spring-beans-6.1.6.jar:6.1.6]
	at org.springframework.beans.factory.support.AbstractBeanFactory.getBean(AbstractBeanFactory.java:200) ~[spring-beans-6.1.6.jar:6.1.6]
	at org.springframework.beans.factory.support.BeanDefinitionValueResolver.resolveReference(BeanDefinitionValueResolver.java:365) ~[spring-beans-6.1.6.jar:6.1.6]
	at org.springframework.beans.factory.support.BeanDefinitionValueResolver.resolveValueIfNecessary(BeanDefinitionValueResolver.java:135) ~[spring-beans-6.1.6.jar:6.1.6]
	at org.springframework.beans.factory.support.ConstructorResolver.resolveConstructorArguments(ConstructorResolver.java:682) ~[spring-beans-6.1.6.jar:6.1.6]
	at org.springframework.beans.factory.support.ConstructorResolver.instantiateUsingFactoryMethod(ConstructorResolver.java:509) ~[spring-beans-6.1.6.jar:6.1.6]
	at org.springframework.beans.factory.support.AbstractAutowireCapableBeanFactory.instantiateUsingFactoryMethod(AbstractAutowireCapableBeanFactory.java:1335) ~[spring-beans-6.1.6.jar:6.1.6]
	at org.springframework.beans.factory.support.AbstractAutowireCapableBeanFactory.createBeanInstance(AbstractAutowireCapableBeanFactory.java:1165) ~[spring-beans-6.1.6.jar:6.1.6]
	at org.springframework.beans.factory.support.AbstractAutowireCapableBeanFactory.doCreateBean(AbstractAutowireCapableBeanFactory.java:562) ~[spring-beans-6.1.6.jar:6.1.6]
	at org.springframework.beans.factory.support.AbstractAutowireCapableBeanFactory.createBean(AbstractAutowireCapableBeanFactory.java:522) ~[spring-beans-6.1.6.jar:6.1.6]
	at org.springframework.beans.factory.support.AbstractBeanFactory.lambda$doGetBean$0(AbstractBeanFactory.java:326) ~[spring-beans-6.1.6.jar:6.1.6]
	at org.springframework.beans.factory.support.DefaultSingletonBeanRegistry.getSingleton(DefaultSingletonBeanRegistry.java:234) ~[spring-beans-6.1.6.jar:6.1.6]
	at org.springframework.beans.factory.support.AbstractBeanFactory.doGetBean(AbstractBeanFactory.java:324) ~[spring-beans-6.1.6.jar:6.1.6]
	at org.springframework.beans.factory.support.AbstractBeanFactory.getBean(AbstractBeanFactory.java:200) ~[spring-beans-6.1.6.jar:6.1.6]
	at org.springframework.beans.factory.support.BeanDefinitionValueResolver.resolveReference(BeanDefinitionValueResolver.java:365) ~[spring-beans-6.1.6.jar:6.1.6]
	at org.springframework.beans.factory.support.BeanDefinitionValueResolver.resolveValueIfNecessary(BeanDefinitionValueResolver.java:135) ~[spring-beans-6.1.6.jar:6.1.6]
	at org.springframework.beans.factory.support.AbstractAutowireCapableBeanFactory.applyPropertyValues(AbstractAutowireCapableBeanFactory.java:1685) ~[spring-beans-6.1.6.jar:6.1.6]
	at org.springframework.beans.factory.support.AbstractAutowireCapableBeanFactory.populateBean(AbstractAutowireCapableBeanFactory.java:1434) ~[spring-beans-6.1.6.jar:6.1.6]
	at org.springframework.beans.factory.support.AbstractAutowireCapableBeanFactory.doCreateBean(AbstractAutowireCapableBeanFactory.java:599) ~[spring-beans-6.1.6.jar:6.1.6]
	at org.springframework.beans.factory.support.AbstractAutowireCapableBeanFactory.createBean(AbstractAutowireCapableBeanFactory.java:522) ~[spring-beans-6.1.6.jar:6.1.6]
	at org.springframework.beans.factory.support.AbstractBeanFactory.lambda$doGetBean$0(AbstractBeanFactory.java:326) ~[spring-beans-6.1.6.jar:6.1.6]
	at org.springframework.beans.factory.support.DefaultSingletonBeanRegistry.getSingleton(DefaultSingletonBeanRegistry.java:234) ~[spring-beans-6.1.6.jar:6.1.6]
	at org.springframework.beans.factory.support.AbstractBeanFactory.doGetBean(AbstractBeanFactory.java:324) ~[spring-beans-6.1.6.jar:6.1.6]
	at org.springframework.beans.factory.support.AbstractBeanFactory.getBean(AbstractBeanFactory.java:200) ~[spring-beans-6.1.6.jar:6.1.6]
	at org.springframework.beans.factory.config.DependencyDescriptor.resolveCandidate(DependencyDescriptor.java:254) ~[spring-beans-6.1.6.jar:6.1.6]
	at org.springframework.beans.factory.support.DefaultListableBeanFactory.doResolveDependency(DefaultListableBeanFactory.java:1443) ~[spring-beans-6.1.6.jar:6.1.6]
	at org.springframework.beans.factory.support.DefaultListableBeanFactory.resolveDependency(DefaultListableBeanFactory.java:1353) ~[spring-beans-6.1.6.jar:6.1.6]
	at org.springframework.beans.factory.annotation.AutowiredAnnotationBeanPostProcessor$AutowiredFieldElement.resolveFieldValue(AutowiredAnnotationBeanPostProcessor.java:784) ~[spring-beans-6.1.6.jar:6.1.6]
	at org.springframework.beans.factory.annotation.AutowiredAnnotationBeanPostProcessor$AutowiredFieldElement.inject(AutowiredAnnotationBeanPostProcessor.java:767) ~[spring-beans-6.1.6.jar:6.1.6]
	at org.springframework.beans.factory.annotation.InjectionMetadata.inject(InjectionMetadata.java:145) ~[spring-beans-6.1.6.jar:6.1.6]
	at org.springframework.beans.factory.annotation.AutowiredAnnotationBeanPostProcessor.postProcessProperties(AutowiredAnnotationBeanPostProcessor.java:508) ~[spring-beans-6.1.6.jar:6.1.6]
	at org.springframework.beans.factory.support.AbstractAutowireCapableBeanFactory.populateBean(AbstractAutowireCapableBeanFactory.java:1419) ~[spring-beans-6.1.6.jar:6.1.6]
	at org.springframework.beans.factory.support.AbstractAutowireCapableBeanFactory.doCreateBean(AbstractAutowireCapableBeanFactory.java:599) ~[spring-beans-6.1.6.jar:6.1.6]
	at org.springframework.beans.factory.support.AbstractAutowireCapableBeanFactory.createBean(AbstractAutowireCapableBeanFactory.java:522) ~[spring-beans-6.1.6.jar:6.1.6]
	at org.springframework.beans.factory.support.AbstractBeanFactory.lambda$doGetBean$0(AbstractBeanFactory.java:326) ~[spring-beans-6.1.6.jar:6.1.6]
	at org.springframework.beans.factory.support.DefaultSingletonBeanRegistry.getSingleton(DefaultSingletonBeanRegistry.java:234) ~[spring-beans-6.1.6.jar:6.1.6]
	at org.springframework.beans.factory.support.AbstractBeanFactory.doGetBean(AbstractBeanFactory.java:324) ~[spring-beans-6.1.6.jar:6.1.6]
	at org.springframework.beans.factory.support.AbstractBeanFactory.getBean(AbstractBeanFactory.java:200) ~[spring-beans-6.1.6.jar:6.1.6]
	at org.springframework.beans.factory.support.ConstructorResolver.instantiateUsingFactoryMethod(ConstructorResolver.java:409) ~[spring-beans-6.1.6.jar:6.1.6]
	at org.springframework.beans.factory.support.AbstractAutowireCapableBeanFactory.instantiateUsingFactoryMethod(AbstractAutowireCapableBeanFactory.java:1335) ~[spring-beans-6.1.6.jar:6.1.6]
	at org.springframework.beans.factory.support.AbstractAutowireCapableBeanFactory.createBeanInstance(AbstractAutowireCapableBeanFactory.java:1165) ~[spring-beans-6.1.6.jar:6.1.6]
	at org.springframework.beans.factory.support.AbstractAutowireCapableBeanFactory.doCreateBean(AbstractAutowireCapableBeanFactory.java:562) ~[spring-beans-6.1.6.jar:6.1.6]
	at org.springframework.beans.factory.support.AbstractAutowireCapableBeanFactory.createBean(AbstractAutowireCapableBeanFactory.java:522) ~[spring-beans-6.1.6.jar:6.1.6]
	at org.springframework.beans.factory.support.AbstractBeanFactory.lambda$doGetBean$0(AbstractBeanFactory.java:326) ~[spring-beans-6.1.6.jar:6.1.6]
	at org.springframework.beans.factory.support.DefaultSingletonBeanRegistry.getSingleton(DefaultSingletonBeanRegistry.java:234) ~[spring-beans-6.1.6.jar:6.1.6]
	at org.springframework.beans.factory.support.AbstractBeanFactory.doGetBean(AbstractBeanFactory.java:324) ~[spring-beans-6.1.6.jar:6.1.6]
	at org.springframework.beans.factory.support.AbstractBeanFactory.getBean(AbstractBeanFactory.java:200) ~[spring-beans-6.1.6.jar:6.1.6]
	at org.springframework.beans.factory.config.DependencyDescriptor.resolveCandidate(DependencyDescriptor.java:254) ~[spring-beans-6.1.6.jar:6.1.6]
	at org.springframework.beans.factory.support.DefaultListableBeanFactory.doResolveDependency(DefaultListableBeanFactory.java:1443) ~[spring-beans-6.1.6.jar:6.1.6]
	at org.springframework.beans.factory.support.DefaultListableBeanFactory.resolveDependency(DefaultListableBeanFactory.java:1353) ~[spring-beans-6.1.6.jar:6.1.6]
	at org.springframework.beans.factory.annotation.AutowiredAnnotationBeanPostProcessor$AutowiredFieldElement.resolveFieldValue(AutowiredAnnotationBeanPostProcessor.java:784) ~[spring-beans-6.1.6.jar:6.1.6]
	at org.springframework.beans.factory.annotation.AutowiredAnnotationBeanPostProcessor$AutowiredFieldElement.inject(AutowiredAnnotationBeanPostProcessor.java:767) ~[spring-beans-6.1.6.jar:6.1.6]
	at org.springframework.beans.factory.annotation.InjectionMetadata.inject(InjectionMetadata.java:145) ~[spring-beans-6.1.6.jar:6.1.6]
	at org.springframework.beans.factory.annotation.AutowiredAnnotationBeanPostProcessor.postProcessProperties(AutowiredAnnotationBeanPostProcessor.java:508) ~[spring-beans-6.1.6.jar:6.1.6]
	at org.springframework.beans.factory.support.AbstractAutowireCapableBeanFactory.populateBean(AbstractAutowireCapableBeanFactory.java:1419) ~[spring-beans-6.1.6.jar:6.1.6]
	at org.springframework.beans.factory.support.AbstractAutowireCapableBeanFactory.doCreateBean(AbstractAutowireCapableBeanFactory.java:599) ~[spring-beans-6.1.6.jar:6.1.6]
	at org.springframework.beans.factory.support.AbstractAutowireCapableBeanFactory.createBean(AbstractAutowireCapableBeanFactory.java:522) ~[spring-beans-6.1.6.jar:6.1.6]
	at org.springframework.beans.factory.support.AbstractBeanFactory.lambda$doGetBean$0(AbstractBeanFactory.java:326) ~[spring-beans-6.1.6.jar:6.1.6]
	at org.springframework.beans.factory.support.DefaultSingletonBeanRegistry.getSingleton(DefaultSingletonBeanRegistry.java:234) ~[spring-beans-6.1.6.jar:6.1.6]
	at org.springframework.beans.factory.support.AbstractBeanFactory.doGetBean(AbstractBeanFactory.java:324) ~[spring-beans-6.1.6.jar:6.1.6]
	at org.springframework.beans.factory.support.AbstractBeanFactory.getBean(AbstractBeanFactory.java:205) ~[spring-beans-6.1.6.jar:6.1.6]
	at org.springframework.boot.web.servlet.ServletContextInitializerBeans.getOrderedBeansOfType(ServletContextInitializerBeans.java:210) ~[spring-boot-3.2.5.jar:3.2.5]
	at org.springframework.boot.web.servlet.ServletContextInitializerBeans.addAsRegistrationBean(ServletContextInitializerBeans.java:173) ~[spring-boot-3.2.5.jar:3.2.5]
	at org.springframework.boot.web.servlet.ServletContextInitializerBeans.addAsRegistrationBean(ServletContextInitializerBeans.java:168) ~[spring-boot-3.2.5.jar:3.2.5]
	at org.springframework.boot.web.servlet.ServletContextInitializerBeans.addAdaptableBeans(ServletContextInitializerBeans.java:153) ~[spring-boot-3.2.5.jar:3.2.5]
	at org.springframework.boot.web.servlet.ServletContextInitializerBeans.<init>(ServletContextInitializerBeans.java:86) ~[spring-boot-3.2.5.jar:3.2.5]
	at org.springframework.boot.web.servlet.context.ServletWebServerApplicationContext.getServletContextInitializerBeans(ServletWebServerApplicationContext.java:266) ~[spring-boot-3.2.5.jar:3.2.5]
	at org.springframework.boot.web.servlet.context.ServletWebServerApplicationContext.selfInitialize(ServletWebServerApplicationContext.java:240) ~[spring-boot-3.2.5.jar:3.2.5]
	at org.springframework.boot.web.embedded.tomcat.TomcatStarter.onStartup(TomcatStarter.java:52) ~[spring-boot-3.2.5.jar:3.2.5]
	at org.apache.catalina.core.StandardContext.startInternal(StandardContext.java:4880) ~[tomcat-embed-core-10.1.20.jar:10.1.20]
	at org.apache.catalina.util.LifecycleBase.start(LifecycleBase.java:171) ~[tomcat-embed-core-10.1.20.jar:10.1.20]
	at org.apache.catalina.core.ContainerBase$StartChild.call(ContainerBase.java:1332) ~[tomcat-embed-core-10.1.20.jar:10.1.20]
	at org.apache.catalina.core.ContainerBase$StartChild.call(ContainerBase.java:1322) ~[tomcat-embed-core-10.1.20.jar:10.1.20]
	at java.base/java.util.concurrent.FutureTask.run(FutureTask.java:317) ~[?:?]
	at org.apache.tomcat.util.threads.InlineExecutorService.execute(InlineExecutorService.java:75) ~[tomcat-embed-core-10.1.20.jar:10.1.20]
	at java.base/java.util.concurrent.AbstractExecutorService.submit(AbstractExecutorService.java:148) ~[?:?]
	at org.apache.catalina.core.ContainerBase.startInternal(ContainerBase.java:866) ~[tomcat-embed-core-10.1.20.jar:10.1.20]
	at org.apache.catalina.core.StandardHost.startInternal(StandardHost.java:845) ~[tomcat-embed-core-10.1.20.jar:10.1.20]
	at org.apache.catalina.util.LifecycleBase.start(LifecycleBase.java:171) ~[tomcat-embed-core-10.1.20.jar:10.1.20]
	at org.apache.catalina.core.ContainerBase$StartChild.call(ContainerBase.java:1332) ~[tomcat-embed-core-10.1.20.jar:10.1.20]
	at org.apache.catalina.core.ContainerBase$StartChild.call(ContainerBase.java:1322) ~[tomcat-embed-core-10.1.20.jar:10.1.20]
	at java.base/java.util.concurrent.FutureTask.run(FutureTask.java:317) ~[?:?]
	at org.apache.tomcat.util.threads.InlineExecutorService.execute(InlineExecutorService.java:75) ~[tomcat-embed-core-10.1.20.jar:10.1.20]
	at java.base/java.util.concurrent.AbstractExecutorService.submit(AbstractExecutorService.java:148) ~[?:?]
	at org.apache.catalina.core.ContainerBase.startInternal(ContainerBase.java:866) ~[tomcat-embed-core-10.1.20.jar:10.1.20]
	at org.apache.catalina.core.StandardEngine.startInternal(StandardEngine.java:240) ~[tomcat-embed-core-10.1.20.jar:10.1.20]
	at org.apache.catalina.util.LifecycleBase.start(LifecycleBase.java:171) ~[tomcat-embed-core-10.1.20.jar:10.1.20]
	at org.apache.catalina.core.StandardService.startInternal(StandardService.java:433) ~[tomcat-embed-core-10.1.20.jar:10.1.20]
	at org.apache.catalina.util.LifecycleBase.start(LifecycleBase.java:171) ~[tomcat-embed-core-10.1.20.jar:10.1.20]
	at org.apache.catalina.core.StandardServer.startInternal(StandardServer.java:921) ~[tomcat-embed-core-10.1.20.jar:10.1.20]
	at org.apache.catalina.util.LifecycleBase.start(LifecycleBase.java:171) ~[tomcat-embed-core-10.1.20.jar:10.1.20]
	at org.apache.catalina.startup.Tomcat.start(Tomcat.java:437) ~[tomcat-embed-core-10.1.20.jar:10.1.20]
	at org.springframework.boot.web.embedded.tomcat.TomcatWebServer.initialize(TomcatWebServer.java:126) ~[spring-boot-3.2.5.jar:3.2.5]
	at org.springframework.boot.web.embedded.tomcat.TomcatWebServer.<init>(TomcatWebServer.java:105) ~[spring-boot-3.2.5.jar:3.2.5]
	at org.springframework.boot.web.embedded.tomcat.TomcatServletWebServerFactory.getTomcatWebServer(TomcatServletWebServerFactory.java:499) ~[spring-boot-3.2.5.jar:3.2.5]
	at org.springframework.boot.web.embedded.tomcat.TomcatServletWebServerFactory.getWebServer(TomcatServletWebServerFactory.java:218) ~[spring-boot-3.2.5.jar:3.2.5]
	at org.springframework.boot.web.servlet.context.ServletWebServerApplicationContext.createWebServer(ServletWebServerApplicationContext.java:188) ~[spring-boot-3.2.5.jar:3.2.5]
	at org.springframework.boot.web.servlet.context.ServletWebServerApplicationContext.onRefresh(ServletWebServerApplicationContext.java:162) ~[spring-boot-3.2.5.jar:3.2.5]
	... 8 more
Caused by: jakarta.persistence.PersistenceException: [PersistenceUnit: default] Unable to build Hibernate SessionFactory; nested exception is java.lang.RuntimeException: Driver org.h2.Driver claims to not accept jdbcUrl, ${DB_URL}
	at org.springframework.orm.jpa.AbstractEntityManagerFactoryBean.buildNativeEntityManagerFactory(AbstractEntityManagerFactoryBean.java:421) ~[spring-orm-6.1.6.jar:6.1.6]
	at org.springframework.orm.jpa.AbstractEntityManagerFactoryBean.afterPropertiesSet(AbstractEntityManagerFactoryBean.java:396) ~[spring-orm-6.1.6.jar:6.1.6]
	at org.springframework.orm.jpa.LocalContainerEntityManagerFactoryBean.afterPropertiesSet(LocalContainerEntityManagerFactoryBean.java:366) ~[spring-orm-6.1.6.jar:6.1.6]
	at org.springframework.beans.factory.support.AbstractAutowireCapableBeanFactory.invokeInitMethods(AbstractAutowireCapableBeanFactory.java:1833) ~[spring-beans-6.1.6.jar:6.1.6]
	at org.springframework.beans.factory.support.AbstractAutowireCapableBeanFactory.initializeBean(AbstractAutowireCapableBeanFactory.java:1782) ~[spring-beans-6.1.6.jar:6.1.6]
	at org.springframework.beans.factory.support.AbstractAutowireCapableBeanFactory.doCreateBean(AbstractAutowireCapableBeanFactory.java:600) ~[spring-beans-6.1.6.jar:6.1.6]
	at org.springframework.beans.factory.support.AbstractAutowireCapableBeanFactory.createBean(AbstractAutowireCapableBeanFactory.java:522) ~[spring-beans-6.1.6.jar:6.1.6]
	at org.springframework.beans.factory.support.AbstractBeanFactory.lambda$doGetBean$0(AbstractBeanFactory.java:326) ~[spring-beans-6.1.6.jar:6.1.6]
	at org.springframework.beans.factory.support.DefaultSingletonBeanRegistry.getSingleton(DefaultSingletonBeanRegistry.java:234) ~[spring-beans-6.1.6.jar:6.1.6]
	at org.springframework.beans.factory.support.AbstractBeanFactory.doGetBean(AbstractBeanFactory.java:324) ~[spring-beans-6.1.6.jar:6.1.6]
	at org.springframework.beans.factory.support.AbstractBeanFactory.getBean(AbstractBeanFactory.java:200) ~[spring-beans-6.1.6.jar:6.1.6]
	at org.springframework.beans.factory.support.BeanDefinitionValueResolver.resolveReference(BeanDefinitionValueResolver.java:365) ~[spring-beans-6.1.6.jar:6.1.6]
	at org.springframework.beans.factory.support.BeanDefinitionValueResolver.resolveValueIfNecessary(BeanDefinitionValueResolver.java:135) ~[spring-beans-6.1.6.jar:6.1.6]
	at org.springframework.beans.factory.support.ConstructorResolver.resolveConstructorArguments(ConstructorResolver.java:682) ~[spring-beans-6.1.6.jar:6.1.6]
	at org.springframework.beans.factory.support.ConstructorResolver.instantiateUsingFactoryMethod(ConstructorResolver.java:509) ~[spring-beans-6.1.6.jar:6.1.6]
	at org.springframework.beans.factory.support.AbstractAutowireCapableBeanFactory.instantiateUsingFactoryMethod(AbstractAutowireCapableBeanFactory.java:1335) ~[spring-beans-6.1.6.jar:6.1.6]
	at org.springframework.beans.factory.support.AbstractAutowireCapableBeanFactory.createBeanInstance(AbstractAutowireCapableBeanFactory.java:1165) ~[spring-beans-6.1.6.jar:6.1.6]
	at org.springframework.beans.factory.support.AbstractAutowireCapableBeanFactory.doCreateBean(AbstractAutowireCapableBeanFactory.java:562) ~[spring-beans-6.1.6.jar:6.1.6]
	at org.springframework.beans.factory.support.AbstractAutowireCapableBeanFactory.createBean(AbstractAutowireCapableBeanFactory.java:522) ~[spring-beans-6.1.6.jar:6.1.6]
	at org.springframework.beans.factory.support.AbstractBeanFactory.lambda$doGetBean$0(AbstractBeanFactory.java:326) ~[spring-beans-6.1.6.jar:6.1.6]
	at org.springframework.beans.factory.support.DefaultSingletonBeanRegistry.getSingleton(DefaultSingletonBeanRegistry.java:234) ~[spring-beans-6.1.6.jar:6.1.6]
	at org.springframework.beans.factory.support.AbstractBeanFactory.doGetBean(AbstractBeanFactory.java:324) ~[spring-beans-6.1.6.jar:6.1.6]
	at org.springframework.beans.factory.support.AbstractBeanFactory.getBean(AbstractBeanFactory.java:200) ~[spring-beans-6.1.6.jar:6.1.6]
	at org.springframework.beans.factory.support.BeanDefinitionValueResolver.resolveReference(BeanDefinitionValueResolver.java:365) ~[spring-beans-6.1.6.jar:6.1.6]
	at org.springframework.beans.factory.support.BeanDefinitionValueResolver.resolveValueIfNecessary(BeanDefinitionValueResolver.java:135) ~[spring-beans-6.1.6.jar:6.1.6]
	at org.springframework.beans.factory.support.AbstractAutowireCapableBeanFactory.applyPropertyValues(AbstractAutowireCapableBeanFactory.java:1685) ~[spring-beans-6.1.6.jar:6.1.6]
	at org.springframework.beans.factory.support.AbstractAutowireCapableBeanFactory.populateBean(AbstractAutowireCapableBeanFactory.java:1434) ~[spring-beans-6.1.6.jar:6.1.6]
	at org.springframework.beans.factory.support.AbstractAutowireCapableBeanFactory.doCreateBean(AbstractAutowireCapableBeanFactory.java:599) ~[spring-beans-6.1.6.jar:6.1.6]
	at org.springframework.beans.factory.support.AbstractAutowireCapableBeanFactory.createBean(AbstractAutowireCapableBeanFactory.java:522) ~[spring-beans-6.1.6.jar:6.1.6]
	at org.springframework.beans.factory.support.AbstractBeanFactory.lambda$doGetBean$0(AbstractBeanFactory.java:326) ~[spring-beans-6.1.6.jar:6.1.6]
	at org.springframework.beans.factory.support.DefaultSingletonBeanRegistry.getSingleton(DefaultSingletonBeanRegistry.java:234) ~[spring-beans-6.1.6.jar:6.1.6]
	at org.springframework.beans.factory.support.AbstractBeanFactory.doGetBean(AbstractBeanFactory.java:324) ~[spring-beans-6.1.6.jar:6.1.6]
	at org.springframework.beans.factory.support.AbstractBeanFactory.getBean(AbstractBeanFactory.java:200) ~[spring-beans-6.1.6.jar:6.1.6]
	at org.springframework.beans.factory.config.DependencyDescriptor.resolveCandidate(DependencyDescriptor.java:254) ~[spring-beans-6.1.6.jar:6.1.6]
	at org.springframework.beans.factory.support.DefaultListableBeanFactory.doResolveDependency(DefaultListableBeanFactory.java:1443) ~[spring-beans-6.1.6.jar:6.1.6]
	at org.springframework.beans.factory.support.DefaultListableBeanFactory.resolveDependency(DefaultListableBeanFactory.java:1353) ~[spring-beans-6.1.6.jar:6.1.6]
	at org.springframework.beans.factory.annotation.AutowiredAnnotationBeanPostProcessor$AutowiredFieldElement.resolveFieldValue(AutowiredAnnotationBeanPostProcessor.java:784) ~[spring-beans-6.1.6.jar:6.1.6]
	at org.springframework.beans.factory.annotation.AutowiredAnnotationBeanPostProcessor$AutowiredFieldElement.inject(AutowiredAnnotationBeanPostProcessor.java:767) ~[spring-beans-6.1.6.jar:6.1.6]
	at org.springframework.beans.factory.annotation.InjectionMetadata.inject(InjectionMetadata.java:145) ~[spring-beans-6.1.6.jar:6.1.6]
	at org.springframework.beans.factory.annotation.AutowiredAnnotationBeanPostProcessor.postProcessProperties(AutowiredAnnotationBeanPostProcessor.java:508) ~[spring-beans-6.1.6.jar:6.1.6]
	at org.springframework.beans.factory.support.AbstractAutowireCapableBeanFactory.populateBean(AbstractAutowireCapableBeanFactory.java:1419) ~[spring-beans-6.1.6.jar:6.1.6]
	at org.springframework.beans.factory.support.AbstractAutowireCapableBeanFactory.doCreateBean(AbstractAutowireCapableBeanFactory.java:599) ~[spring-beans-6.1.6.jar:6.1.6]
	at org.springframework.beans.factory.support.AbstractAutowireCapableBeanFactory.createBean(AbstractAutowireCapableBeanFactory.java:522) ~[spring-beans-6.1.6.jar:6.1.6]
	at org.springframework.beans.factory.support.AbstractBeanFactory.lambda$doGetBean$0(AbstractBeanFactory.java:326) ~[spring-beans-6.1.6.jar:6.1.6]
	at org.springframework.beans.factory.support.DefaultSingletonBeanRegistry.getSingleton(DefaultSingletonBeanRegistry.java:234) ~[spring-beans-6.1.6.jar:6.1.6]
	at org.springframework.beans.factory.support.AbstractBeanFactory.doGetBean(AbstractBeanFactory.java:324) ~[spring-beans-6.1.6.jar:6.1.6]
	at org.springframework.beans.factory.support.AbstractBeanFactory.getBean(AbstractBeanFactory.java:200) ~[spring-beans-6.1.6.jar:6.1.6]
	at org.springframework.beans.factory.support.ConstructorResolver.instantiateUsingFactoryMethod(ConstructorResolver.java:409) ~[spring-beans-6.1.6.jar:6.1.6]
	at org.springframework.beans.factory.support.AbstractAutowireCapableBeanFactory.instantiateUsingFactoryMethod(AbstractAutowireCapableBeanFactory.java:1335) ~[spring-beans-6.1.6.jar:6.1.6]
	at org.springframework.beans.factory.support.AbstractAutowireCapableBeanFactory.createBeanInstance(AbstractAutowireCapableBeanFactory.java:1165) ~[spring-beans-6.1.6.jar:6.1.6]
	at org.springframework.beans.factory.support.AbstractAutowireCapableBeanFactory.doCreateBean(AbstractAutowireCapableBeanFactory.java:562) ~[spring-beans-6.1.6.jar:6.1.6]
	at org.springframework.beans.factory.support.AbstractAutowireCapableBeanFactory.createBean(AbstractAutowireCapableBeanFactory.java:522) ~[spring-beans-6.1.6.jar:6.1.6]
	at org.springframework.beans.factory.support.AbstractBeanFactory.lambda$doGetBean$0(AbstractBeanFactory.java:326) ~[spring-beans-6.1.6.jar:6.1.6]
	at org.springframework.beans.factory.support.DefaultSingletonBeanRegistry.getSingleton(DefaultSingletonBeanRegistry.java:234) ~[spring-beans-6.1.6.jar:6.1.6]
	at org.springframework.beans.factory.support.AbstractBeanFactory.doGetBean(AbstractBeanFactory.java:324) ~[spring-beans-6.1.6.jar:6.1.6]
	at org.springframework.beans.factory.support.AbstractBeanFactory.getBean(AbstractBeanFactory.java:200) ~[spring-beans-6.1.6.jar:6.1.6]
	at org.springframework.beans.factory.config.DependencyDescriptor.resolveCandidate(DependencyDescriptor.java:254) ~[spring-beans-6.1.6.jar:6.1.6]
	at org.springframework.beans.factory.support.DefaultListableBeanFactory.doResolveDependency(DefaultListableBeanFactory.java:1443) ~[spring-beans-6.1.6.jar:6.1.6]
	at org.springframework.beans.factory.support.DefaultListableBeanFactory.resolveDependency(DefaultListableBeanFactory.java:1353) ~[spring-beans-6.1.6.jar:6.1.6]
	at org.springframework.beans.factory.annotation.AutowiredAnnotationBeanPostProcessor$AutowiredFieldElement.resolveFieldValue(AutowiredAnnotationBeanPostProcessor.java:784) ~[spring-beans-6.1.6.jar:6.1.6]
	at org.springframework.beans.factory.annotation.AutowiredAnnotationBeanPostProcessor$AutowiredFieldElement.inject(AutowiredAnnotationBeanPostProcessor.java:767) ~[spring-beans-6.1.6.jar:6.1.6]
	at org.springframework.beans.factory.annotation.InjectionMetadata.inject(InjectionMetadata.java:145) ~[spring-beans-6.1.6.jar:6.1.6]
	at org.springframework.beans.factory.annotation.AutowiredAnnotationBeanPostProcessor.postProcessProperties(AutowiredAnnotationBeanPostProcessor.java:508) ~[spring-beans-6.1.6.jar:6.1.6]
	at org.springframework.beans.factory.support.AbstractAutowireCapableBeanFactory.populateBean(AbstractAutowireCapableBeanFactory.java:1419) ~[spring-beans-6.1.6.jar:6.1.6]
	at org.springframework.beans.factory.support.AbstractAutowireCapableBeanFactory.doCreateBean(AbstractAutowireCapableBeanFactory.java:599) ~[spring-beans-6.1.6.jar:6.1.6]
	at org.springframework.beans.factory.support.AbstractAutowireCapableBeanFactory.createBean(AbstractAutowireCapableBeanFactory.java:522) ~[spring-beans-6.1.6.jar:6.1.6]
	at org.springframework.beans.factory.support.AbstractBeanFactory.lambda$doGetBean$0(AbstractBeanFactory.java:326) ~[spring-beans-6.1.6.jar:6.1.6]
	at org.springframework.beans.factory.support.DefaultSingletonBeanRegistry.getSingleton(DefaultSingletonBeanRegistry.java:234) ~[spring-beans-6.1.6.jar:6.1.6]
	at org.springframework.beans.factory.support.AbstractBeanFactory.doGetBean(AbstractBeanFactory.java:324) ~[spring-beans-6.1.6.jar:6.1.6]
	at org.springframework.beans.factory.support.AbstractBeanFactory.getBean(AbstractBeanFactory.java:205) ~[spring-beans-6.1.6.jar:6.1.6]
	at org.springframework.boot.web.servlet.ServletContextInitializerBeans.getOrderedBeansOfType(ServletContextInitializerBeans.java:210) ~[spring-boot-3.2.5.jar:3.2.5]
	at org.springframework.boot.web.servlet.ServletContextInitializerBeans.addAsRegistrationBean(ServletContextInitializerBeans.java:173) ~[spring-boot-3.2.5.jar:3.2.5]
	at org.springframework.boot.web.servlet.ServletContextInitializerBeans.addAsRegistrationBean(ServletContextInitializerBeans.java:168) ~[spring-boot-3.2.5.jar:3.2.5]
	at org.springframework.boot.web.servlet.ServletContextInitializerBeans.addAdaptableBeans(ServletContextInitializerBeans.java:153) ~[spring-boot-3.2.5.jar:3.2.5]
	at org.springframework.boot.web.servlet.ServletContextInitializerBeans.<init>(ServletContextInitializerBeans.java:86) ~[spring-boot-3.2.5.jar:3.2.5]
	at org.springframework.boot.web.servlet.context.ServletWebServerApplicationContext.getServletContextInitializerBeans(ServletWebServerApplicationContext.java:266) ~[spring-boot-3.2.5.jar:3.2.5]
	at org.springframework.boot.web.servlet.context.ServletWebServerApplicationContext.selfInitialize(ServletWebServerApplicationContext.java:240) ~[spring-boot-3.2.5.jar:3.2.5]
	at org.springframework.boot.web.embedded.tomcat.TomcatStarter.onStartup(TomcatStarter.java:52) ~[spring-boot-3.2.5.jar:3.2.5]
	at org.apache.catalina.core.StandardContext.startInternal(StandardContext.java:4880) ~[tomcat-embed-core-10.1.20.jar:10.1.20]
	at org.apache.catalina.util.LifecycleBase.start(LifecycleBase.java:171) ~[tomcat-embed-core-10.1.20.jar:10.1.20]
	at org.apache.catalina.core.ContainerBase$StartChild.call(ContainerBase.java:1332) ~[tomcat-embed-core-10.1.20.jar:10.1.20]
	at org.apache.catalina.core.ContainerBase$StartChild.call(ContainerBase.java:1322) ~[tomcat-embed-core-10.1.20.jar:10.1.20]
	at java.base/java.util.concurrent.FutureTask.run(FutureTask.java:317) ~[?:?]
	at org.apache.tomcat.util.threads.InlineExecutorService.execute(InlineExecutorService.java:75) ~[tomcat-embed-core-10.1.20.jar:10.1.20]
	at java.base/java.util.concurrent.AbstractExecutorService.submit(AbstractExecutorService.java:148) ~[?:?]
	at org.apache.catalina.core.ContainerBase.startInternal(ContainerBase.java:866) ~[tomcat-embed-core-10.1.20.jar:10.1.20]
	at org.apache.catalina.core.StandardHost.startInternal(StandardHost.java:845) ~[tomcat-embed-core-10.1.20.jar:10.1.20]
	at org.apache.catalina.util.LifecycleBase.start(LifecycleBase.java:171) ~[tomcat-embed-core-10.1.20.jar:10.1.20]
	at org.apache.catalina.core.ContainerBase$StartChild.call(ContainerBase.java:1332) ~[tomcat-embed-core-10.1.20.jar:10.1.20]
	at org.apache.catalina.core.ContainerBase$StartChild.call(ContainerBase.java:1322) ~[tomcat-embed-core-10.1.20.jar:10.1.20]
	at java.base/java.util.concurrent.FutureTask.run(FutureTask.java:317) ~[?:?]
	at org.apache.tomcat.util.threads.InlineExecutorService.execute(InlineExecutorService.java:75) ~[tomcat-embed-core-10.1.20.jar:10.1.20]
	at java.base/java.util.concurrent.AbstractExecutorService.submit(AbstractExecutorService.java:148) ~[?:?]
	at org.apache.catalina.core.ContainerBase.startInternal(ContainerBase.java:866) ~[tomcat-embed-core-10.1.20.jar:10.1.20]
	at org.apache.catalina.core.StandardEngine.startInternal(StandardEngine.java:240) ~[tomcat-embed-core-10.1.20.jar:10.1.20]
	at org.apache.catalina.util.LifecycleBase.start(LifecycleBase.java:171) ~[tomcat-embed-core-10.1.20.jar:10.1.20]
	at org.apache.catalina.core.StandardService.startInternal(StandardService.java:433) ~[tomcat-embed-core-10.1.20.jar:10.1.20]
	at org.apache.catalina.util.LifecycleBase.start(LifecycleBase.java:171) ~[tomcat-embed-core-10.1.20.jar:10.1.20]
	at org.apache.catalina.core.StandardServer.startInternal(StandardServer.java:921) ~[tomcat-embed-core-10.1.20.jar:10.1.20]
	at org.apache.catalina.util.LifecycleBase.start(LifecycleBase.java:171) ~[tomcat-embed-core-10.1.20.jar:10.1.20]
	at org.apache.catalina.startup.Tomcat.start(Tomcat.java:437) ~[tomcat-embed-core-10.1.20.jar:10.1.20]
	at org.springframework.boot.web.embedded.tomcat.TomcatWebServer.initialize(TomcatWebServer.java:126) ~[spring-boot-3.2.5.jar:3.2.5]
	at org.springframework.boot.web.embedded.tomcat.TomcatWebServer.<init>(TomcatWebServer.java:105) ~[spring-boot-3.2.5.jar:3.2.5]
	at org.springframework.boot.web.embedded.tomcat.TomcatServletWebServerFactory.getTomcatWebServer(TomcatServletWebServerFactory.java:499) ~[spring-boot-3.2.5.jar:3.2.5]
	at org.springframework.boot.web.embedded.tomcat.TomcatServletWebServerFactory.getWebServer(TomcatServletWebServerFactory.java:218) ~[spring-boot-3.2.5.jar:3.2.5]
	at org.springframework.boot.web.servlet.context.ServletWebServerApplicationContext.createWebServer(ServletWebServerApplicationContext.java:188) ~[spring-boot-3.2.5.jar:3.2.5]
	at org.springframework.boot.web.servlet.context.ServletWebServerApplicationContext.onRefresh(ServletWebServerApplicationContext.java:162) ~[spring-boot-3.2.5.jar:3.2.5]
	... 8 more
Caused by: java.lang.RuntimeException: Driver org.h2.Driver claims to not accept jdbcUrl, ${DB_URL}
	at com.zaxxer.hikari.util.DriverDataSource.<init>(DriverDataSource.java:110) ~[HikariCP-5.0.1.jar:?]
	at com.zaxxer.hikari.pool.PoolBase.initializeDataSource(PoolBase.java:326) ~[HikariCP-5.0.1.jar:?]
	at com.zaxxer.hikari.pool.PoolBase.<init>(PoolBase.java:112) ~[HikariCP-5.0.1.jar:?]
	at com.zaxxer.hikari.pool.HikariPool.<init>(HikariPool.java:93) ~[HikariCP-5.0.1.jar:?]
	at com.zaxxer.hikari.HikariDataSource.getConnection(HikariDataSource.java:112) ~[HikariCP-5.0.1.jar:?]
	at org.hibernate.engine.jdbc.connections.internal.DatasourceConnectionProviderImpl.getConnection(DatasourceConnectionProviderImpl.java:122) ~[hibernate-core-6.4.4.Final.jar:6.4.4.Final]
	at org.hibernate.engine.jdbc.env.internal.JdbcEnvironmentInitiator$ConnectionProviderJdbcConnectionAccess.obtainConnection(JdbcEnvironmentInitiator.java:428) ~[hibernate-core-6.4.4.Final.jar:6.4.4.Final]
	at org.hibernate.resource.transaction.backend.jdbc.internal.DdlTransactionIsolatorNonJtaImpl.getIsolatedConnection(DdlTransactionIsolatorNonJtaImpl.java:46) ~[hibernate-core-6.4.4.Final.jar:6.4.4.Final]
	at org.hibernate.resource.transaction.backend.jdbc.internal.DdlTransactionIsolatorNonJtaImpl.getIsolatedConnection(DdlTransactionIsolatorNonJtaImpl.java:39) ~[hibernate-core-6.4.4.Final.jar:6.4.4.Final]
	at org.hibernate.tool.schema.internal.exec.ImprovedExtractionContextImpl.getJdbcConnection(ImprovedExtractionContextImpl.java:63) ~[hibernate-core-6.4.4.Final.jar:6.4.4.Final]
	at org.hibernate.tool.schema.extract.spi.ExtractionContext.getQueryResults(ExtractionContext.java:43) ~[hibernate-core-6.4.4.Final.jar:6.4.4.Final]
	at org.hibernate.tool.schema.extract.internal.SequenceInformationExtractorLegacyImpl.extractMetadata(SequenceInformationExtractorLegacyImpl.java:39) ~[hibernate-core-6.4.4.Final.jar:6.4.4.Final]
	at org.hibernate.tool.schema.extract.internal.DatabaseInformationImpl.initializeSequences(DatabaseInformationImpl.java:66) ~[hibernate-core-6.4.4.Final.jar:6.4.4.Final]
	at org.hibernate.tool.schema.extract.internal.DatabaseInformationImpl.<init>(DatabaseInformationImpl.java:60) ~[hibernate-core-6.4.4.Final.jar:6.4.4.Final]
	at org.hibernate.tool.schema.internal.Helper.buildDatabaseInformation(Helper.java:185) ~[hibernate-core-6.4.4.Final.jar:6.4.4.Final]
	at org.hibernate.tool.schema.internal.AbstractSchemaMigrator.doMigration(AbstractSchemaMigrator.java:98) ~[hibernate-core-6.4.4.Final.jar:6.4.4.Final]
	at org.hibernate.tool.schema.spi.SchemaManagementToolCoordinator.performDatabaseAction(SchemaManagementToolCoordinator.java:286) ~[hibernate-core-6.4.4.Final.jar:6.4.4.Final]
	at org.hibernate.tool.schema.spi.SchemaManagementToolCoordinator.lambda$process$5(SchemaManagementToolCoordinator.java:145) ~[hibernate-core-6.4.4.Final.jar:6.4.4.Final]
	at java.base/java.util.HashMap.forEach(HashMap.java:1430) ~[?:?]
	at org.hibernate.tool.schema.spi.SchemaManagementToolCoordinator.process(SchemaManagementToolCoordinator.java:142) ~[hibernate-core-6.4.4.Final.jar:6.4.4.Final]
	at org.hibernate.boot.internal.SessionFactoryObserverForSchemaExport.sessionFactoryCreated(SessionFactoryObserverForSchemaExport.java:37) ~[hibernate-core-6.4.4.Final.jar:6.4.4.Final]
	at org.hibernate.internal.SessionFactoryObserverChain.sessionFactoryCreated(SessionFactoryObserverChain.java:35) ~[hibernate-core-6.4.4.Final.jar:6.4.4.Final]
	at org.hibernate.internal.SessionFactoryImpl.<init>(SessionFactoryImpl.java:315) ~[hibernate-core-6.4.4.Final.jar:6.4.4.Final]
	at org.hibernate.boot.internal.SessionFactoryBuilderImpl.build(SessionFactoryBuilderImpl.java:450) ~[hibernate-core-6.4.4.Final.jar:6.4.4.Final]
	at org.hibernate.jpa.boot.internal.EntityManagerFactoryBuilderImpl.build(EntityManagerFactoryBuilderImpl.java:1507) ~[hibernate-core-6.4.4.Final.jar:6.4.4.Final]
	at org.springframework.orm.jpa.vendor.SpringHibernateJpaPersistenceProvider.createContainerEntityManagerFactory(SpringHibernateJpaPersistenceProvider.java:75) ~[spring-orm-6.1.6.jar:6.1.6]
	at org.springframework.orm.jpa.LocalContainerEntityManagerFactoryBean.createNativeEntityManagerFactory(LocalContainerEntityManagerFactoryBean.java:390) ~[spring-orm-6.1.6.jar:6.1.6]
	at org.springframework.orm.jpa.AbstractEntityManagerFactoryBean.buildNativeEntityManagerFactory(AbstractEntityManagerFactoryBean.java:409) ~[spring-orm-6.1.6.jar:6.1.6]
	at org.springframework.orm.jpa.AbstractEntityManagerFactoryBean.afterPropertiesSet(AbstractEntityManagerFactoryBean.java:396) ~[spring-orm-6.1.6.jar:6.1.6]
	at org.springframework.orm.jpa.LocalContainerEntityManagerFactoryBean.afterPropertiesSet(LocalContainerEntityManagerFactoryBean.java:366) ~[spring-orm-6.1.6.jar:6.1.6]
	at org.springframework.beans.factory.support.AbstractAutowireCapableBeanFactory.invokeInitMethods(AbstractAutowireCapableBeanFactory.java:1833) ~[spring-beans-6.1.6.jar:6.1.6]
	at org.springframework.beans.factory.support.AbstractAutowireCapableBeanFactory.initializeBean(AbstractAutowireCapableBeanFactory.java:1782) ~[spring-beans-6.1.6.jar:6.1.6]
	at org.springframework.beans.factory.support.AbstractAutowireCapableBeanFactory.doCreateBean(AbstractAutowireCapableBeanFactory.java:600) ~[spring-beans-6.1.6.jar:6.1.6]
	at org.springframework.beans.factory.support.AbstractAutowireCapableBeanFactory.createBean(AbstractAutowireCapableBeanFactory.java:522) ~[spring-beans-6.1.6.jar:6.1.6]
	at org.springframework.beans.factory.support.AbstractBeanFactory.lambda$doGetBean$0(AbstractBeanFactory.java:326) ~[spring-beans-6.1.6.jar:6.1.6]
	at org.springframework.beans.factory.support.DefaultSingletonBeanRegistry.getSingleton(DefaultSingletonBeanRegistry.java:234) ~[spring-beans-6.1.6.jar:6.1.6]
	at org.springframework.beans.factory.support.AbstractBeanFactory.doGetBean(AbstractBeanFactory.java:324) ~[spring-beans-6.1.6.jar:6.1.6]
	at org.springframework.beans.factory.support.AbstractBeanFactory.getBean(AbstractBeanFactory.java:200) ~[spring-beans-6.1.6.jar:6.1.6]
	at org.springframework.beans.factory.support.BeanDefinitionValueResolver.resolveReference(BeanDefinitionValueResolver.java:365) ~[spring-beans-6.1.6.jar:6.1.6]
	at org.springframework.beans.factory.support.BeanDefinitionValueResolver.resolveValueIfNecessary(BeanDefinitionValueResolver.java:135) ~[spring-beans-6.1.6.jar:6.1.6]
	at org.springframework.beans.factory.support.ConstructorResolver.resolveConstructorArguments(ConstructorResolver.java:682) ~[spring-beans-6.1.6.jar:6.1.6]
	at org.springframework.beans.factory.support.ConstructorResolver.instantiateUsingFactoryMethod(ConstructorResolver.java:509) ~[spring-beans-6.1.6.jar:6.1.6]
	at org.springframework.beans.factory.support.AbstractAutowireCapableBeanFactory.instantiateUsingFactoryMethod(AbstractAutowireCapableBeanFactory.java:1335) ~[spring-beans-6.1.6.jar:6.1.6]
	at org.springframework.beans.factory.support.AbstractAutowireCapableBeanFactory.createBeanInstance(AbstractAutowireCapableBeanFactory.java:1165) ~[spring-beans-6.1.6.jar:6.1.6]
	at org.springframework.beans.factory.support.AbstractAutowireCapableBeanFactory.doCreateBean(AbstractAutowireCapableBeanFactory.java:562) ~[spring-beans-6.1.6.jar:6.1.6]
	at org.springframework.beans.factory.support.AbstractAutowireCapableBeanFactory.createBean(AbstractAutowireCapableBeanFactory.java:522) ~[spring-beans-6.1.6.jar:6.1.6]
	at org.springframework.beans.factory.support.AbstractBeanFactory.lambda$doGetBean$0(AbstractBeanFactory.java:326) ~[spring-beans-6.1.6.jar:6.1.6]
	at org.springframework.beans.factory.support.DefaultSingletonBeanRegistry.getSingleton(DefaultSingletonBeanRegistry.java:234) ~[spring-beans-6.1.6.jar:6.1.6]
	at org.springframework.beans.factory.support.AbstractBeanFactory.doGetBean(AbstractBeanFactory.java:324) ~[spring-beans-6.1.6.jar:6.1.6]
	at org.springframework.beans.factory.support.AbstractBeanFactory.getBean(AbstractBeanFactory.java:200) ~[spring-beans-6.1.6.jar:6.1.6]
	at org.springframework.beans.factory.support.BeanDefinitionValueResolver.resolveReference(BeanDefinitionValueResolver.java:365) ~[spring-beans-6.1.6.jar:6.1.6]
	at org.springframework.beans.factory.support.BeanDefinitionValueResolver.resolveValueIfNecessary(BeanDefinitionValueResolver.java:135) ~[spring-beans-6.1.6.jar:6.1.6]
	at org.springframework.beans.factory.support.AbstractAutowireCapableBeanFactory.applyPropertyValues(AbstractAutowireCapableBeanFactory.java:1685) ~[spring-beans-6.1.6.jar:6.1.6]
	at org.springframework.beans.factory.support.AbstractAutowireCapableBeanFactory.populateBean(AbstractAutowireCapableBeanFactory.java:1434) ~[spring-beans-6.1.6.jar:6.1.6]
	at org.springframework.beans.factory.support.AbstractAutowireCapableBeanFactory.doCreateBean(AbstractAutowireCapableBeanFactory.java:599) ~[spring-beans-6.1.6.jar:6.1.6]
	at org.springframework.beans.factory.support.AbstractAutowireCapableBeanFactory.createBean(AbstractAutowireCapableBeanFactory.java:522) ~[spring-beans-6.1.6.jar:6.1.6]
	at org.springframework.beans.factory.support.AbstractBeanFactory.lambda$doGetBean$0(AbstractBeanFactory.java:326) ~[spring-beans-6.1.6.jar:6.1.6]
	at org.springframework.beans.factory.support.DefaultSingletonBeanRegistry.getSingleton(DefaultSingletonBeanRegistry.java:234) ~[spring-beans-6.1.6.jar:6.1.6]
	at org.springframework.beans.factory.support.AbstractBeanFactory.doGetBean(AbstractBeanFactory.java:324) ~[spring-beans-6.1.6.jar:6.1.6]
	at org.springframework.beans.factory.support.AbstractBeanFactory.getBean(AbstractBeanFactory.java:200) ~[spring-beans-6.1.6.jar:6.1.6]
	at org.springframework.beans.factory.config.DependencyDescriptor.resolveCandidate(DependencyDescriptor.java:254) ~[spring-beans-6.1.6.jar:6.1.6]
	at org.springframework.beans.factory.support.DefaultListableBeanFactory.doResolveDependency(DefaultListableBeanFactory.java:1443) ~[spring-beans-6.1.6.jar:6.1.6]
	at org.springframework.beans.factory.support.DefaultListableBeanFactory.resolveDependency(DefaultListableBeanFactory.java:1353) ~[spring-beans-6.1.6.jar:6.1.6]
	at org.springframework.beans.factory.annotation.AutowiredAnnotationBeanPostProcessor$AutowiredFieldElement.resolveFieldValue(AutowiredAnnotationBeanPostProcessor.java:784) ~[spring-beans-6.1.6.jar:6.1.6]
	at org.springframework.beans.factory.annotation.AutowiredAnnotationBeanPostProcessor$AutowiredFieldElement.inject(AutowiredAnnotationBeanPostProcessor.java:767) ~[spring-beans-6.1.6.jar:6.1.6]
	at org.springframework.beans.factory.annotation.InjectionMetadata.inject(InjectionMetadata.java:145) ~[spring-beans-6.1.6.jar:6.1.6]
	at org.springframework.beans.factory.annotation.AutowiredAnnotationBeanPostProcessor.postProcessProperties(AutowiredAnnotationBeanPostProcessor.java:508) ~[spring-beans-6.1.6.jar:6.1.6]
	at org.springframework.beans.factory.support.AbstractAutowireCapableBeanFactory.populateBean(AbstractAutowireCapableBeanFactory.java:1419) ~[spring-beans-6.1.6.jar:6.1.6]
	at org.springframework.beans.factory.support.AbstractAutowireCapableBeanFactory.doCreateBean(AbstractAutowireCapableBeanFactory.java:599) ~[spring-beans-6.1.6.jar:6.1.6]
	at org.springframework.beans.factory.support.AbstractAutowireCapableBeanFactory.createBean(AbstractAutowireCapableBeanFactory.java:522) ~[spring-beans-6.1.6.jar:6.1.6]
	at org.springframework.beans.factory.support.AbstractBeanFactory.lambda$doGetBean$0(AbstractBeanFactory.java:326) ~[spring-beans-6.1.6.jar:6.1.6]
	at org.springframework.beans.factory.support.DefaultSingletonBeanRegistry.getSingleton(DefaultSingletonBeanRegistry.java:234) ~[spring-beans-6.1.6.jar:6.1.6]
	at org.springframework.beans.factory.support.AbstractBeanFactory.doGetBean(AbstractBeanFactory.java:324) ~[spring-beans-6.1.6.jar:6.1.6]
	at org.springframework.beans.factory.support.AbstractBeanFactory.getBean(AbstractBeanFactory.java:200) ~[spring-beans-6.1.6.jar:6.1.6]
	at org.springframework.beans.factory.support.ConstructorResolver.instantiateUsingFactoryMethod(ConstructorResolver.java:409) ~[spring-beans-6.1.6.jar:6.1.6]
	at org.springframework.beans.factory.support.AbstractAutowireCapableBeanFactory.instantiateUsingFactoryMethod(AbstractAutowireCapableBeanFactory.java:1335) ~[spring-beans-6.1.6.jar:6.1.6]
	at org.springframework.beans.factory.support.AbstractAutowireCapableBeanFactory.createBeanInstance(AbstractAutowireCapableBeanFactory.java:1165) ~[spring-beans-6.1.6.jar:6.1.6]
	at org.springframework.beans.factory.support.AbstractAutowireCapableBeanFactory.doCreateBean(AbstractAutowireCapableBeanFactory.java:562) ~[spring-beans-6.1.6.jar:6.1.6]
	at org.springframework.beans.factory.support.AbstractAutowireCapableBeanFactory.createBean(AbstractAutowireCapableBeanFactory.java:522) ~[spring-beans-6.1.6.jar:6.1.6]
	at org.springframework.beans.factory.support.AbstractBeanFactory.lambda$doGetBean$0(AbstractBeanFactory.java:326) ~[spring-beans-6.1.6.jar:6.1.6]
	at org.springframework.beans.factory.support.DefaultSingletonBeanRegistry.getSingleton(DefaultSingletonBeanRegistry.java:234) ~[spring-beans-6.1.6.jar:6.1.6]
	at org.springframework.beans.factory.support.AbstractBeanFactory.doGetBean(AbstractBeanFactory.java:324) ~[spring-beans-6.1.6.jar:6.1.6]
	at org.springframework.beans.factory.support.AbstractBeanFactory.getBean(AbstractBeanFactory.java:200) ~[spring-beans-6.1.6.jar:6.1.6]
	at org.springframework.beans.factory.config.DependencyDescriptor.resolveCandidate(DependencyDescriptor.java:254) ~[spring-beans-6.1.6.jar:6.1.6]
	at org.springframework.beans.factory.support.DefaultListableBeanFactory.doResolveDependency(DefaultListableBeanFactory.java:1443) ~[spring-beans-6.1.6.jar:6.1.6]
	at org.springframework.beans.factory.support.DefaultListableBeanFactory.resolveDependency(DefaultListableBeanFactory.java:1353) ~[spring-beans-6.1.6.jar:6.1.6]
	at org.springframework.beans.factory.annotation.AutowiredAnnotationBeanPostProcessor$AutowiredFieldElement.resolveFieldValue(AutowiredAnnotationBeanPostProcessor.java:784) ~[spring-beans-6.1.6.jar:6.1.6]
	at org.springframework.beans.factory.annotation.AutowiredAnnotationBeanPostProcessor$AutowiredFieldElement.inject(AutowiredAnnotationBeanPostProcessor.java:767) ~[spring-beans-6.1.6.jar:6.1.6]
	at org.springframework.beans.factory.annotation.InjectionMetadata.inject(InjectionMetadata.java:145) ~[spring-beans-6.1.6.jar:6.1.6]
	at org.springframework.beans.factory.annotation.AutowiredAnnotationBeanPostProcessor.postProcessProperties(AutowiredAnnotationBeanPostProcessor.java:508) ~[spring-beans-6.1.6.jar:6.1.6]
	at org.springframework.beans.factory.support.AbstractAutowireCapableBeanFactory.populateBean(AbstractAutowireCapableBeanFactory.java:1419) ~[spring-beans-6.1.6.jar:6.1.6]
	at org.springframework.beans.factory.support.AbstractAutowireCapableBeanFactory.doCreateBean(AbstractAutowireCapableBeanFactory.java:599) ~[spring-beans-6.1.6.jar:6.1.6]
	at org.springframework.beans.factory.support.AbstractAutowireCapableBeanFactory.createBean(AbstractAutowireCapableBeanFactory.java:522) ~[spring-beans-6.1.6.jar:6.1.6]
	at org.springframework.beans.factory.support.AbstractBeanFactory.lambda$doGetBean$0(AbstractBeanFactory.java:326) ~[spring-beans-6.1.6.jar:6.1.6]
	at org.springframework.beans.factory.support.DefaultSingletonBeanRegistry.getSingleton(DefaultSingletonBeanRegistry.java:234) ~[spring-beans-6.1.6.jar:6.1.6]
	at org.springframework.beans.factory.support.AbstractBeanFactory.doGetBean(AbstractBeanFactory.java:324) ~[spring-beans-6.1.6.jar:6.1.6]
	at org.springframework.beans.factory.support.AbstractBeanFactory.getBean(AbstractBeanFactory.java:205) ~[spring-beans-6.1.6.jar:6.1.6]
	at org.springframework.boot.web.servlet.ServletContextInitializerBeans.getOrderedBeansOfType(ServletContextInitializerBeans.java:210) ~[spring-boot-3.2.5.jar:3.2.5]
	at org.springframework.boot.web.servlet.ServletContextInitializerBeans.addAsRegistrationBean(ServletContextInitializerBeans.java:173) ~[spring-boot-3.2.5.jar:3.2.5]
	at org.springframework.boot.web.servlet.ServletContextInitializerBeans.addAsRegistrationBean(ServletContextInitializerBeans.java:168) ~[spring-boot-3.2.5.jar:3.2.5]
	at org.springframework.boot.web.servlet.ServletContextInitializerBeans.addAdaptableBeans(ServletContextInitializerBeans.java:153) ~[spring-boot-3.2.5.jar:3.2.5]
	at org.springframework.boot.web.servlet.ServletContextInitializerBeans.<init>(ServletContextInitializerBeans.java:86) ~[spring-boot-3.2.5.jar:3.2.5]
	at org.springframework.boot.web.servlet.context.ServletWebServerApplicationContext.getServletContextInitializerBeans(ServletWebServerApplicationContext.java:266) ~[spring-boot-3.2.5.jar:3.2.5]
	at org.springframework.boot.web.servlet.context.ServletWebServerApplicationContext.selfInitialize(ServletWebServerApplicationContext.java:240) ~[spring-boot-3.2.5.jar:3.2.5]
	at org.springframework.boot.web.embedded.tomcat.TomcatStarter.onStartup(TomcatStarter.java:52) ~[spring-boot-3.2.5.jar:3.2.5]
	at org.apache.catalina.core.StandardContext.startInternal(StandardContext.java:4880) ~[tomcat-embed-core-10.1.20.jar:10.1.20]
	at org.apache.catalina.util.LifecycleBase.start(LifecycleBase.java:171) ~[tomcat-embed-core-10.1.20.jar:10.1.20]
	at org.apache.catalina.core.ContainerBase$StartChild.call(ContainerBase.java:1332) ~[tomcat-embed-core-10.1.20.jar:10.1.20]
	at org.apache.catalina.core.ContainerBase$StartChild.call(ContainerBase.java:1322) ~[tomcat-embed-core-10.1.20.jar:10.1.20]
	at java.base/java.util.concurrent.FutureTask.run(FutureTask.java:317) ~[?:?]
	at org.apache.tomcat.util.threads.InlineExecutorService.execute(InlineExecutorService.java:75) ~[tomcat-embed-core-10.1.20.jar:10.1.20]
	at java.base/java.util.concurrent.AbstractExecutorService.submit(AbstractExecutorService.java:148) ~[?:?]
	at org.apache.catalina.core.ContainerBase.startInternal(ContainerBase.java:866) ~[tomcat-embed-core-10.1.20.jar:10.1.20]
	at org.apache.catalina.core.StandardHost.startInternal(StandardHost.java:845) ~[tomcat-embed-core-10.1.20.jar:10.1.20]
	at org.apache.catalina.util.LifecycleBase.start(LifecycleBase.java:171) ~[tomcat-embed-core-10.1.20.jar:10.1.20]
	at org.apache.catalina.core.ContainerBase$StartChild.call(ContainerBase.java:1332) ~[tomcat-embed-core-10.1.20.jar:10.1.20]
	at org.apache.catalina.core.ContainerBase$StartChild.call(ContainerBase.java:1322) ~[tomcat-embed-core-10.1.20.jar:10.1.20]
	at java.base/java.util.concurrent.FutureTask.run(FutureTask.java:317) ~[?:?]
	at org.apache.tomcat.util.threads.InlineExecutorService.execute(InlineExecutorService.java:75) ~[tomcat-embed-core-10.1.20.jar:10.1.20]
	at java.base/java.util.concurrent.AbstractExecutorService.submit(AbstractExecutorService.java:148) ~[?:?]
	at org.apache.catalina.core.ContainerBase.startInternal(ContainerBase.java:866) ~[tomcat-embed-core-10.1.20.jar:10.1.20]
	at org.apache.catalina.core.StandardEngine.startInternal(StandardEngine.java:240) ~[tomcat-embed-core-10.1.20.jar:10.1.20]
	at org.apache.catalina.util.LifecycleBase.start(LifecycleBase.java:171) ~[tomcat-embed-core-10.1.20.jar:10.1.20]
	at org.apache.catalina.core.StandardService.startInternal(StandardService.java:433) ~[tomcat-embed-core-10.1.20.jar:10.1.20]
	at org.apache.catalina.util.LifecycleBase.start(LifecycleBase.java:171) ~[tomcat-embed-core-10.1.20.jar:10.1.20]
	at org.apache.catalina.core.StandardServer.startInternal(StandardServer.java:921) ~[tomcat-embed-core-10.1.20.jar:10.1.20]
	at org.apache.catalina.util.LifecycleBase.start(LifecycleBase.java:171) ~[tomcat-embed-core-10.1.20.jar:10.1.20]
	at org.apache.catalina.startup.Tomcat.start(Tomcat.java:437) ~[tomcat-embed-core-10.1.20.jar:10.1.20]
	at org.springframework.boot.web.embedded.tomcat.TomcatWebServer.initialize(TomcatWebServer.java:126) ~[spring-boot-3.2.5.jar:3.2.5]
	at org.springframework.boot.web.embedded.tomcat.TomcatWebServer.<init>(TomcatWebServer.java:105) ~[spring-boot-3.2.5.jar:3.2.5]
	at org.springframework.boot.web.embedded.tomcat.TomcatServletWebServerFactory.getTomcatWebServer(TomcatServletWebServerFactory.java:499) ~[spring-boot-3.2.5.jar:3.2.5]
	at org.springframework.boot.web.embedded.tomcat.TomcatServletWebServerFactory.getWebServer(TomcatServletWebServerFactory.java:218) ~[spring-boot-3.2.5.jar:3.2.5]
	at org.springframework.boot.web.servlet.context.ServletWebServerApplicationContext.createWebServer(ServletWebServerApplicationContext.java:188) ~[spring-boot-3.2.5.jar:3.2.5]
	at org.springframework.boot.web.servlet.context.ServletWebServerApplicationContext.onRefresh(ServletWebServerApplicationContext.java:162) ~[spring-boot-3.2.5.jar:3.2.5]
	... 8 more
2026-06-28 15:09:09.617 [main] INFO  payroll.EmployeePayrollRestAppApplication - Starting EmployeePayrollRestAppApplication using Java 23.0.1 with PID 12060 (D:\MavenProjects\employee-payroll-rest-app\target\classes started by HP in D:\MavenProjects\employee-payroll-rest-app)
2026-06-28 15:09:09.625 [main] DEBUG payroll.EmployeePayrollRestAppApplication - Running with Spring Boot v3.2.5, Spring v6.1.6
2026-06-28 15:09:09.627 [main] INFO  payroll.EmployeePayrollRestAppApplication - No active profile set, falling back to 1 default profile: "default"
2026-06-28 15:09:10.711 [main] INFO  org.springframework.data.repository.config.RepositoryConfigurationDelegate - Bootstrapping Spring Data JPA repositories in DEFAULT mode.
2026-06-28 15:09:10.786 [main] INFO  org.springframework.data.repository.config.RepositoryConfigurationDelegate - Finished Spring Data repository scanning in 65 ms. Found 2 JPA repository interfaces.
2026-06-28 15:09:11.525 [main] INFO  org.springframework.boot.web.embedded.tomcat.TomcatWebServer - Tomcat initialized with port 8080 (http)
2026-06-28 15:09:11.541 [main] INFO  org.apache.coyote.http11.Http11NioProtocol - Initializing ProtocolHandler ["http-nio-8080"]
2026-06-28 15:09:11.544 [main] INFO  org.apache.catalina.core.StandardService - Starting service [Tomcat]
2026-06-28 15:09:11.545 [main] INFO  org.apache.catalina.core.StandardEngine - Starting Servlet engine: [Apache Tomcat/10.1.20]
2026-06-28 15:09:11.638 [main] INFO  org.apache.catalina.core.ContainerBase.[Tomcat].[localhost].[/] - Initializing Spring embedded WebApplicationContext
2026-06-28 15:09:11.639 [main] INFO  org.springframework.boot.web.servlet.context.ServletWebServerApplicationContext - Root WebApplicationContext: initialization completed in 1952 ms
2026-06-28 15:09:11.698 [main] INFO  com.zaxxer.hikari.HikariDataSource - HikariPool-1 - Starting...
2026-06-28 15:09:11.992 [main] INFO  com.zaxxer.hikari.pool.HikariPool - HikariPool-1 - Added connection conn0: url=jdbc:h2:mem:testdb user=SA
2026-06-28 15:09:11.994 [main] INFO  com.zaxxer.hikari.HikariDataSource - HikariPool-1 - Start completed.
2026-06-28 15:09:12.012 [main] INFO  org.springframework.boot.autoconfigure.h2.H2ConsoleAutoConfiguration - H2 console available at '/h2-console'. Database available at 'jdbc:h2:mem:testdb'
2026-06-28 15:09:12.157 [main] INFO  org.hibernate.jpa.internal.util.LogHelper - HHH000204: Processing PersistenceUnitInfo [name: default]
2026-06-28 15:09:12.252 [main] INFO  org.hibernate.Version - HHH000412: Hibernate ORM core version 6.4.4.Final
2026-06-28 15:09:12.298 [main] INFO  org.hibernate.cache.internal.RegionFactoryInitiator - HHH000026: Second-level cache disabled
2026-06-28 15:09:12.605 [main] INFO  org.springframework.orm.jpa.persistenceunit.SpringPersistenceUnitInfo - No LoadTimeWeaver setup: ignoring JPA class transformer
2026-06-28 15:09:12.666 [main] WARN  org.hibernate.orm.deprecation - HHH90000025: H2Dialect does not need to be specified explicitly using 'hibernate.dialect' (remove the property setting and it will be selected by default)
2026-06-28 15:09:13.891 [main] INFO  org.hibernate.engine.transaction.jta.platform.internal.JtaPlatformInitiator - HHH000489: No JTA platform available (set 'hibernate.transaction.jta.platform' to enable JTA platform integration)
2026-06-28 15:09:13.982 [main] INFO  org.springframework.orm.jpa.LocalContainerEntityManagerFactoryBean - Initialized JPA EntityManagerFactory for persistence unit 'default'
2026-06-28 15:09:14.424 [main] ERROR org.springframework.boot.web.embedded.tomcat.TomcatStarter - Error starting Tomcat context. Exception: org.springframework.beans.factory.UnsatisfiedDependencyException. Message: Error creating bean with name 'jwtRequestFilter': Unsatisfied dependency expressed through field 'jwtUserDetailsService': Error creating bean with name 'securityConfig': Unsatisfied dependency expressed through field 'jwtRequestFilter': Error creating bean with name 'jwtRequestFilter': Requested bean is currently in creation: Is there an unresolvable circular reference?
2026-06-28 15:09:14.449 [main] INFO  org.apache.catalina.core.StandardService - Stopping service [Tomcat]
2026-06-28 15:09:14.454 [main] WARN  org.springframework.boot.web.servlet.context.AnnotationConfigServletWebServerApplicationContext - Exception encountered during context initialization - cancelling refresh attempt: org.springframework.context.ApplicationContextException: Unable to start web server
2026-06-28 15:09:14.455 [main] INFO  org.springframework.orm.jpa.LocalContainerEntityManagerFactoryBean - Closing JPA EntityManagerFactory for persistence unit 'default'
2026-06-28 15:09:14.457 [main] INFO  com.zaxxer.hikari.HikariDataSource - HikariPool-1 - Shutdown initiated...
2026-06-28 15:09:14.459 [main] INFO  com.zaxxer.hikari.HikariDataSource - HikariPool-1 - Shutdown completed.
2026-06-28 15:09:14.470 [main] INFO  org.springframework.boot.autoconfigure.logging.ConditionEvaluationReportLogger - 

Error starting ApplicationContext. To display the condition evaluation report re-run your application with 'debug' enabled.
2026-06-28 15:09:14.491 [main] ERROR org.springframework.boot.diagnostics.LoggingFailureAnalysisReporter - 

***************************
APPLICATION FAILED TO START
***************************

Description:

The dependencies of some of the beans in the application context form a cycle:

┌─────┐
|  jwtRequestFilter (field private org.springframework.security.core.userdetails.UserDetailsService payroll.security.JwtRequestFilter.jwtUserDetailsService)
↑     ↓
|  securityConfig (field private payroll.security.JwtRequestFilter payroll.config.SecurityConfig.jwtRequestFilter)
└─────┘


Action:

Relying upon circular references is discouraged and they are prohibited by default. Update your application to remove the dependency cycle between beans. As a last resort, it may be possible to break the cycle automatically by setting spring.main.allow-circular-references to true.

2026-06-28 15:12:03.405 [main] INFO  payroll.EmployeePayrollRestAppApplication - Starting EmployeePayrollRestAppApplication using Java 23.0.1 with PID 13636 (D:\MavenProjects\employee-payroll-rest-app\target\classes started by HP in D:\MavenProjects\employee-payroll-rest-app)
2026-06-28 15:12:03.415 [main] DEBUG payroll.EmployeePayrollRestAppApplication - Running with Spring Boot v3.2.5, Spring v6.1.6
2026-06-28 15:12:03.417 [main] INFO  payroll.EmployeePayrollRestAppApplication - No active profile set, falling back to 1 default profile: "default"
2026-06-28 15:12:04.620 [main] INFO  org.springframework.data.repository.config.RepositoryConfigurationDelegate - Bootstrapping Spring Data JPA repositories in DEFAULT mode.
2026-06-28 15:12:04.694 [main] INFO  org.springframework.data.repository.config.RepositoryConfigurationDelegate - Finished Spring Data repository scanning in 63 ms. Found 2 JPA repository interfaces.
2026-06-28 15:12:05.477 [main] INFO  org.springframework.boot.web.embedded.tomcat.TomcatWebServer - Tomcat initialized with port 8080 (http)
2026-06-28 15:12:05.492 [main] INFO  org.apache.coyote.http11.Http11NioProtocol - Initializing ProtocolHandler ["http-nio-8080"]
2026-06-28 15:12:05.495 [main] INFO  org.apache.catalina.core.StandardService - Starting service [Tomcat]
2026-06-28 15:12:05.496 [main] INFO  org.apache.catalina.core.StandardEngine - Starting Servlet engine: [Apache Tomcat/10.1.20]
2026-06-28 15:12:05.582 [main] INFO  org.apache.catalina.core.ContainerBase.[Tomcat].[localhost].[/] - Initializing Spring embedded WebApplicationContext
2026-06-28 15:12:05.583 [main] INFO  org.springframework.boot.web.servlet.context.ServletWebServerApplicationContext - Root WebApplicationContext: initialization completed in 2097 ms
2026-06-28 15:12:05.638 [main] INFO  com.zaxxer.hikari.HikariDataSource - HikariPool-1 - Starting...
2026-06-28 15:12:05.935 [main] INFO  com.zaxxer.hikari.pool.HikariPool - HikariPool-1 - Added connection conn0: url=jdbc:h2:mem:testdb user=SA
2026-06-28 15:12:05.938 [main] INFO  com.zaxxer.hikari.HikariDataSource - HikariPool-1 - Start completed.
2026-06-28 15:12:05.957 [main] INFO  org.springframework.boot.autoconfigure.h2.H2ConsoleAutoConfiguration - H2 console available at '/h2-console'. Database available at 'jdbc:h2:mem:testdb'
2026-06-28 15:12:06.097 [main] INFO  org.hibernate.jpa.internal.util.LogHelper - HHH000204: Processing PersistenceUnitInfo [name: default]
2026-06-28 15:12:06.211 [main] INFO  org.hibernate.Version - HHH000412: Hibernate ORM core version 6.4.4.Final
2026-06-28 15:12:06.261 [main] INFO  org.hibernate.cache.internal.RegionFactoryInitiator - HHH000026: Second-level cache disabled
2026-06-28 15:12:06.593 [main] INFO  org.springframework.orm.jpa.persistenceunit.SpringPersistenceUnitInfo - No LoadTimeWeaver setup: ignoring JPA class transformer
2026-06-28 15:12:06.654 [main] WARN  org.hibernate.orm.deprecation - HHH90000025: H2Dialect does not need to be specified explicitly using 'hibernate.dialect' (remove the property setting and it will be selected by default)
2026-06-28 15:12:07.863 [main] INFO  org.hibernate.engine.transaction.jta.platform.internal.JtaPlatformInitiator - HHH000489: No JTA platform available (set 'hibernate.transaction.jta.platform' to enable JTA platform integration)
2026-06-28 15:12:07.963 [main] INFO  org.springframework.orm.jpa.LocalContainerEntityManagerFactoryBean - Initialized JPA EntityManagerFactory for persistence unit 'default'
2026-06-28 15:12:08.448 [main] DEBUG payroll.security.JwtRequestFilter - Filter 'jwtRequestFilter' configured for use
2026-06-28 15:12:08.588 [main] INFO  org.springframework.data.jpa.repository.query.QueryEnhancerFactory - Hibernate is in classpath; If applicable, HQL parser will be used.
2026-06-28 15:12:08.781 [main] WARN  org.springframework.boot.autoconfigure.orm.jpa.JpaBaseConfiguration$JpaWebConfiguration - spring.jpa.open-in-view is enabled by default. Therefore, database queries may be performed during view rendering. Explicitly configure spring.jpa.open-in-view to disable this warning
2026-06-28 15:12:09.224 [main] INFO  org.springframework.security.web.DefaultSecurityFilterChain - Will secure any request with [org.springframework.security.web.session.DisableEncodeUrlFilter@5bd191c2, org.springframework.security.web.context.request.async.WebAsyncManagerIntegrationFilter@51806858, org.springframework.security.web.context.SecurityContextHolderFilter@6b3284, org.springframework.security.web.header.HeaderWriterFilter@73f0b216, org.springframework.web.filter.CorsFilter@56afbace, org.springframework.security.web.authentication.logout.LogoutFilter@c680819, payroll.security.JwtRequestFilter@35c9f527, org.springframework.security.web.savedrequest.RequestCacheAwareFilter@67e37d25, org.springframework.security.web.servletapi.SecurityContextHolderAwareRequestFilter@78d49939, org.springframework.security.web.authentication.AnonymousAuthenticationFilter@40dcbf7, org.springframework.security.web.session.SessionManagementFilter@2c3f81ef, org.springframework.security.web.access.ExceptionTranslationFilter@307ba188, org.springframework.security.web.access.intercept.AuthorizationFilter@21d561c9]
2026-06-28 15:12:09.702 [main] INFO  org.apache.coyote.http11.Http11NioProtocol - Starting ProtocolHandler ["http-nio-8080"]
2026-06-28 15:12:09.723 [main] INFO  org.springframework.boot.web.embedded.tomcat.TomcatWebServer - Tomcat started on port 8080 (http) with context path ''
2026-06-28 15:12:09.735 [main] INFO  payroll.EmployeePayrollRestAppApplication - Started EmployeePayrollRestAppApplication in 6.836 seconds (process running for 8.479)
2026-06-28 15:12:18.855 [http-nio-8080-exec-3] INFO  org.apache.catalina.core.ContainerBase.[Tomcat].[localhost].[/] - Initializing Spring DispatcherServlet 'dispatcherServlet'
2026-06-28 15:12:18.856 [http-nio-8080-exec-3] INFO  org.springframework.web.servlet.DispatcherServlet - Initializing Servlet 'dispatcherServlet'
2026-06-28 15:12:18.857 [http-nio-8080-exec-3] INFO  org.springframework.web.servlet.DispatcherServlet - Completed initialization in 1 ms
2026-06-28 15:13:16.441 [SpringApplicationShutdownHook] INFO  org.springframework.orm.jpa.LocalContainerEntityManagerFactoryBean - Closing JPA EntityManagerFactory for persistence unit 'default'
2026-06-28 15:13:16.444 [SpringApplicationShutdownHook] INFO  com.zaxxer.hikari.HikariDataSource - HikariPool-1 - Shutdown initiated...
2026-06-28 15:13:16.449 [SpringApplicationShutdownHook] INFO  com.zaxxer.hikari.HikariDataSource - HikariPool-1 - Shutdown completed.
2026-06-28 15:13:26.311 [main] INFO  payroll.EmployeePayrollRestAppApplication - Starting EmployeePayrollRestAppApplication using Java 23.0.1 with PID 15828 (D:\MavenProjects\employee-payroll-rest-app\target\classes started by HP in D:\MavenProjects\employee-payroll-rest-app)
2026-06-28 15:13:26.320 [main] DEBUG payroll.EmployeePayrollRestAppApplication - Running with Spring Boot v3.2.5, Spring v6.1.6
2026-06-28 15:13:26.321 [main] INFO  payroll.EmployeePayrollRestAppApplication - No active profile set, falling back to 1 default profile: "default"
2026-06-28 15:13:27.419 [main] INFO  org.springframework.data.repository.config.RepositoryConfigurationDelegate - Bootstrapping Spring Data JPA repositories in DEFAULT mode.
2026-06-28 15:13:27.505 [main] INFO  org.springframework.data.repository.config.RepositoryConfigurationDelegate - Finished Spring Data repository scanning in 74 ms. Found 2 JPA repository interfaces.
2026-06-28 15:13:28.252 [main] INFO  org.springframework.boot.web.embedded.tomcat.TomcatWebServer - Tomcat initialized with port 8080 (http)
2026-06-28 15:13:28.269 [main] INFO  org.apache.coyote.http11.Http11NioProtocol - Initializing ProtocolHandler ["http-nio-8080"]
2026-06-28 15:13:28.272 [main] INFO  org.apache.catalina.core.StandardService - Starting service [Tomcat]
2026-06-28 15:13:28.272 [main] INFO  org.apache.catalina.core.StandardEngine - Starting Servlet engine: [Apache Tomcat/10.1.20]
2026-06-28 15:13:28.357 [main] INFO  org.apache.catalina.core.ContainerBase.[Tomcat].[localhost].[/] - Initializing Spring embedded WebApplicationContext
2026-06-28 15:13:28.357 [main] INFO  org.springframework.boot.web.servlet.context.ServletWebServerApplicationContext - Root WebApplicationContext: initialization completed in 1976 ms
2026-06-28 15:13:28.414 [main] INFO  com.zaxxer.hikari.HikariDataSource - HikariPool-1 - Starting...
2026-06-28 15:13:28.675 [main] INFO  com.zaxxer.hikari.pool.HikariPool - HikariPool-1 - Added connection conn0: url=jdbc:h2:mem:testdb user=SA
2026-06-28 15:13:28.678 [main] INFO  com.zaxxer.hikari.HikariDataSource - HikariPool-1 - Start completed.
2026-06-28 15:13:28.697 [main] INFO  org.springframework.boot.autoconfigure.h2.H2ConsoleAutoConfiguration - H2 console available at '/h2-console'. Database available at 'jdbc:h2:mem:testdb'
2026-06-28 15:13:28.828 [main] INFO  org.hibernate.jpa.internal.util.LogHelper - HHH000204: Processing PersistenceUnitInfo [name: default]
2026-06-28 15:13:28.910 [main] INFO  org.hibernate.Version - HHH000412: Hibernate ORM core version 6.4.4.Final
2026-06-28 15:13:28.959 [main] INFO  org.hibernate.cache.internal.RegionFactoryInitiator - HHH000026: Second-level cache disabled
2026-06-28 15:13:29.294 [main] INFO  org.springframework.orm.jpa.persistenceunit.SpringPersistenceUnitInfo - No LoadTimeWeaver setup: ignoring JPA class transformer
2026-06-28 15:13:29.356 [main] WARN  org.hibernate.orm.deprecation - HHH90000025: H2Dialect does not need to be specified explicitly using 'hibernate.dialect' (remove the property setting and it will be selected by default)
2026-06-28 15:13:30.578 [main] INFO  org.hibernate.engine.transaction.jta.platform.internal.JtaPlatformInitiator - HHH000489: No JTA platform available (set 'hibernate.transaction.jta.platform' to enable JTA platform integration)
2026-06-28 15:13:30.673 [main] INFO  org.springframework.orm.jpa.LocalContainerEntityManagerFactoryBean - Initialized JPA EntityManagerFactory for persistence unit 'default'
2026-06-28 15:13:31.172 [main] DEBUG payroll.security.JwtRequestFilter - Filter 'jwtRequestFilter' configured for use
2026-06-28 15:13:31.322 [main] INFO  org.springframework.data.jpa.repository.query.QueryEnhancerFactory - Hibernate is in classpath; If applicable, HQL parser will be used.
2026-06-28 15:13:31.518 [main] WARN  org.springframework.boot.autoconfigure.orm.jpa.JpaBaseConfiguration$JpaWebConfiguration - spring.jpa.open-in-view is enabled by default. Therefore, database queries may be performed during view rendering. Explicitly configure spring.jpa.open-in-view to disable this warning
2026-06-28 15:13:31.946 [main] INFO  org.springframework.security.web.DefaultSecurityFilterChain - Will secure any request with [org.springframework.security.web.session.DisableEncodeUrlFilter@e98004e, org.springframework.security.web.context.request.async.WebAsyncManagerIntegrationFilter@368e7d3a, org.springframework.security.web.context.SecurityContextHolderFilter@52cda4bd, org.springframework.security.web.header.HeaderWriterFilter@7828bc6b, org.springframework.web.filter.CorsFilter@381f05a9, org.springframework.security.web.authentication.logout.LogoutFilter@2898c70d, payroll.security.JwtRequestFilter@779cb140, org.springframework.security.web.savedrequest.RequestCacheAwareFilter@5a183fa6, org.springframework.security.web.servletapi.SecurityContextHolderAwareRequestFilter@167ccc3c, org.springframework.security.web.authentication.AnonymousAuthenticationFilter@375682a5, org.springframework.security.web.session.SessionManagementFilter@7cddc50f, org.springframework.security.web.access.ExceptionTranslationFilter@7896e96a, org.springframework.security.web.access.intercept.AuthorizationFilter@73796ae5]
2026-06-28 15:13:32.421 [main] INFO  org.apache.coyote.http11.Http11NioProtocol - Starting ProtocolHandler ["http-nio-8080"]
2026-06-28 15:13:32.443 [main] INFO  org.springframework.boot.web.embedded.tomcat.TomcatWebServer - Tomcat started on port 8080 (http) with context path ''
2026-06-28 15:13:32.456 [main] INFO  payroll.EmployeePayrollRestAppApplication - Started EmployeePayrollRestAppApplication in 6.567 seconds (process running for 8.066)
2026-06-28 15:15:02.795 [SpringApplicationShutdownHook] INFO  org.springframework.orm.jpa.LocalContainerEntityManagerFactoryBean - Closing JPA EntityManagerFactory for persistence unit 'default'
2026-06-28 15:15:02.799 [SpringApplicationShutdownHook] INFO  com.zaxxer.hikari.HikariDataSource - HikariPool-1 - Shutdown initiated...
2026-06-28 15:15:02.801 [SpringApplicationShutdownHook] INFO  com.zaxxer.hikari.HikariDataSource - HikariPool-1 - Shutdown completed.
2026-06-28 15:16:22.594 [main] INFO  payroll.EmployeePayrollRestAppApplication - Starting EmployeePayrollRestAppApplication using Java 23.0.1 with PID 14624 (D:\MavenProjects\employee-payroll-rest-app\target\classes started by HP in D:\MavenProjects\employee-payroll-rest-app)
2026-06-28 15:16:22.603 [main] DEBUG payroll.EmployeePayrollRestAppApplication - Running with Spring Boot v3.2.5, Spring v6.1.6
2026-06-28 15:16:22.605 [main] INFO  payroll.EmployeePayrollRestAppApplication - No active profile set, falling back to 1 default profile: "default"
2026-06-28 15:16:23.701 [main] INFO  org.springframework.data.repository.config.RepositoryConfigurationDelegate - Bootstrapping Spring Data JPA repositories in DEFAULT mode.
2026-06-28 15:16:23.777 [main] INFO  org.springframework.data.repository.config.RepositoryConfigurationDelegate - Finished Spring Data repository scanning in 64 ms. Found 2 JPA repository interfaces.
2026-06-28 15:16:24.507 [main] INFO  org.springframework.boot.web.embedded.tomcat.TomcatWebServer - Tomcat initialized with port 8080 (http)
2026-06-28 15:16:24.523 [main] INFO  org.apache.coyote.http11.Http11NioProtocol - Initializing ProtocolHandler ["http-nio-8080"]
2026-06-28 15:16:24.525 [main] INFO  org.apache.catalina.core.StandardService - Starting service [Tomcat]
2026-06-28 15:16:24.526 [main] INFO  org.apache.catalina.core.StandardEngine - Starting Servlet engine: [Apache Tomcat/10.1.20]
2026-06-28 15:16:24.619 [main] INFO  org.apache.catalina.core.ContainerBase.[Tomcat].[localhost].[/] - Initializing Spring embedded WebApplicationContext
2026-06-28 15:16:24.620 [main] INFO  org.springframework.boot.web.servlet.context.ServletWebServerApplicationContext - Root WebApplicationContext: initialization completed in 1938 ms
2026-06-28 15:16:24.678 [main] INFO  com.zaxxer.hikari.HikariDataSource - HikariPool-1 - Starting...
2026-06-28 15:16:24.938 [main] INFO  com.zaxxer.hikari.pool.HikariPool - HikariPool-1 - Added connection conn0: url=jdbc:h2:mem:testdb user=SA
2026-06-28 15:16:24.940 [main] INFO  com.zaxxer.hikari.HikariDataSource - HikariPool-1 - Start completed.
2026-06-28 15:16:24.957 [main] INFO  org.springframework.boot.autoconfigure.h2.H2ConsoleAutoConfiguration - H2 console available at '/h2-console'. Database available at 'jdbc:h2:mem:testdb'
2026-06-28 15:16:25.100 [main] INFO  org.hibernate.jpa.internal.util.LogHelper - HHH000204: Processing PersistenceUnitInfo [name: default]
2026-06-28 15:16:25.195 [main] INFO  org.hibernate.Version - HHH000412: Hibernate ORM core version 6.4.4.Final
2026-06-28 15:16:25.241 [main] INFO  org.hibernate.cache.internal.RegionFactoryInitiator - HHH000026: Second-level cache disabled
2026-06-28 15:16:25.561 [main] INFO  org.springframework.orm.jpa.persistenceunit.SpringPersistenceUnitInfo - No LoadTimeWeaver setup: ignoring JPA class transformer
2026-06-28 15:16:25.621 [main] WARN  org.hibernate.orm.deprecation - HHH90000025: H2Dialect does not need to be specified explicitly using 'hibernate.dialect' (remove the property setting and it will be selected by default)
2026-06-28 15:16:26.823 [main] INFO  org.hibernate.engine.transaction.jta.platform.internal.JtaPlatformInitiator - HHH000489: No JTA platform available (set 'hibernate.transaction.jta.platform' to enable JTA platform integration)
2026-06-28 15:16:26.917 [main] INFO  org.springframework.orm.jpa.LocalContainerEntityManagerFactoryBean - Initialized JPA EntityManagerFactory for persistence unit 'default'
2026-06-28 15:16:27.459 [main] DEBUG payroll.security.JwtRequestFilter - Filter 'jwtRequestFilter' configured for use
2026-06-28 15:16:27.606 [main] INFO  org.springframework.data.jpa.repository.query.QueryEnhancerFactory - Hibernate is in classpath; If applicable, HQL parser will be used.
2026-06-28 15:16:27.792 [main] WARN  org.springframework.boot.autoconfigure.orm.jpa.JpaBaseConfiguration$JpaWebConfiguration - spring.jpa.open-in-view is enabled by default. Therefore, database queries may be performed during view rendering. Explicitly configure spring.jpa.open-in-view to disable this warning
2026-06-28 15:16:28.234 [main] INFO  org.springframework.security.web.DefaultSecurityFilterChain - Will secure any request with [org.springframework.security.web.session.DisableEncodeUrlFilter@273e622f, org.springframework.security.web.context.request.async.WebAsyncManagerIntegrationFilter@380cd266, org.springframework.security.web.context.SecurityContextHolderFilter@403b7be3, org.springframework.security.web.header.HeaderWriterFilter@5d3f583d, org.springframework.web.filter.CorsFilter@4b477121, org.springframework.security.web.authentication.logout.LogoutFilter@6ba516ff, payroll.security.JwtRequestFilter@5625ba2, org.springframework.security.web.savedrequest.RequestCacheAwareFilter@39e91bda, org.springframework.security.web.servletapi.SecurityContextHolderAwareRequestFilter@2c3f81ef, org.springframework.security.web.authentication.AnonymousAuthenticationFilter@21d561c9, org.springframework.security.web.session.SessionManagementFilter@7bc239db, org.springframework.security.web.access.ExceptionTranslationFilter@adbc3bc, org.springframework.security.web.access.intercept.AuthorizationFilter@3e242137]
2026-06-28 15:16:28.766 [main] INFO  org.apache.coyote.http11.Http11NioProtocol - Starting ProtocolHandler ["http-nio-8080"]
2026-06-28 15:16:28.793 [main] INFO  org.springframework.boot.web.embedded.tomcat.TomcatWebServer - Tomcat started on port 8080 (http) with context path ''
2026-06-28 15:16:28.817 [main] INFO  payroll.EmployeePayrollRestAppApplication - Started EmployeePayrollRestAppApplication in 6.734 seconds (process running for 8.2)
2026-06-28 15:16:57.673 [http-nio-8080-exec-2] INFO  org.apache.catalina.core.ContainerBase.[Tomcat].[localhost].[/] - Initializing Spring DispatcherServlet 'dispatcherServlet'
2026-06-28 15:16:57.673 [http-nio-8080-exec-2] INFO  org.springframework.web.servlet.DispatcherServlet - Initializing Servlet 'dispatcherServlet'
2026-06-28 15:16:57.674 [http-nio-8080-exec-2] INFO  org.springframework.web.servlet.DispatcherServlet - Completed initialization in 1 ms
2026-06-28 15:17:19.224 [http-nio-8080-exec-2] INFO  org.springdoc.api.AbstractOpenApiResource - Init duration for springdoc-openapi is: 549 ms
2026-06-28 15:18:43.825 [SpringApplicationShutdownHook] INFO  org.springframework.orm.jpa.LocalContainerEntityManagerFactoryBean - Closing JPA EntityManagerFactory for persistence unit 'default'
2026-06-28 15:18:43.829 [SpringApplicationShutdownHook] INFO  com.zaxxer.hikari.HikariDataSource - HikariPool-1 - Shutdown initiated...
2026-06-28 15:18:43.831 [SpringApplicationShutdownHook] INFO  com.zaxxer.hikari.HikariDataSource - HikariPool-1 - Shutdown completed.
2026-06-28 15:19:31.308 [main] INFO  payroll.EmployeePayrollRestAppApplication - Starting EmployeePayrollRestAppApplication using Java 23.0.1 with PID 13564 (D:\MavenProjects\employee-payroll-rest-app\target\classes started by HP in D:\MavenProjects\employee-payroll-rest-app)
2026-06-28 15:19:31.317 [main] DEBUG payroll.EmployeePayrollRestAppApplication - Running with Spring Boot v3.2.5, Spring v6.1.6
2026-06-28 15:19:31.318 [main] INFO  payroll.EmployeePayrollRestAppApplication - No active profile set, falling back to 1 default profile: "default"
2026-06-28 15:19:32.415 [main] INFO  org.springframework.data.repository.config.RepositoryConfigurationDelegate - Bootstrapping Spring Data JPA repositories in DEFAULT mode.
2026-06-28 15:19:32.511 [main] INFO  org.springframework.data.repository.config.RepositoryConfigurationDelegate - Finished Spring Data repository scanning in 80 ms. Found 2 JPA repository interfaces.
2026-06-28 15:19:33.290 [main] INFO  org.springframework.boot.web.embedded.tomcat.TomcatWebServer - Tomcat initialized with port 8080 (http)
2026-06-28 15:19:33.306 [main] INFO  org.apache.coyote.http11.Http11NioProtocol - Initializing ProtocolHandler ["http-nio-8080"]
2026-06-28 15:19:33.309 [main] INFO  org.apache.catalina.core.StandardService - Starting service [Tomcat]
2026-06-28 15:19:33.310 [main] INFO  org.apache.catalina.core.StandardEngine - Starting Servlet engine: [Apache Tomcat/10.1.20]
2026-06-28 15:19:33.403 [main] INFO  org.apache.catalina.core.ContainerBase.[Tomcat].[localhost].[/] - Initializing Spring embedded WebApplicationContext
2026-06-28 15:19:33.403 [main] INFO  org.springframework.boot.web.servlet.context.ServletWebServerApplicationContext - Root WebApplicationContext: initialization completed in 2028 ms
2026-06-28 15:19:33.459 [main] INFO  com.zaxxer.hikari.HikariDataSource - HikariPool-1 - Starting...
2026-06-28 15:19:33.716 [main] INFO  com.zaxxer.hikari.pool.HikariPool - HikariPool-1 - Added connection conn0: url=jdbc:h2:mem:testdb user=SA
2026-06-28 15:19:33.718 [main] INFO  com.zaxxer.hikari.HikariDataSource - HikariPool-1 - Start completed.
2026-06-28 15:19:33.734 [main] INFO  org.springframework.boot.autoconfigure.h2.H2ConsoleAutoConfiguration - H2 console available at '/h2-console'. Database available at 'jdbc:h2:mem:testdb'
2026-06-28 15:19:33.877 [main] INFO  org.hibernate.jpa.internal.util.LogHelper - HHH000204: Processing PersistenceUnitInfo [name: default]
2026-06-28 15:19:33.989 [main] INFO  org.hibernate.Version - HHH000412: Hibernate ORM core version 6.4.4.Final
2026-06-28 15:19:34.041 [main] INFO  org.hibernate.cache.internal.RegionFactoryInitiator - HHH000026: Second-level cache disabled
2026-06-28 15:19:34.354 [main] INFO  org.springframework.orm.jpa.persistenceunit.SpringPersistenceUnitInfo - No LoadTimeWeaver setup: ignoring JPA class transformer
2026-06-28 15:19:34.415 [main] WARN  org.hibernate.orm.deprecation - HHH90000025: H2Dialect does not need to be specified explicitly using 'hibernate.dialect' (remove the property setting and it will be selected by default)
2026-06-28 15:19:35.627 [main] INFO  org.hibernate.engine.transaction.jta.platform.internal.JtaPlatformInitiator - HHH000489: No JTA platform available (set 'hibernate.transaction.jta.platform' to enable JTA platform integration)
2026-06-28 15:19:35.716 [main] INFO  org.springframework.orm.jpa.LocalContainerEntityManagerFactoryBean - Initialized JPA EntityManagerFactory for persistence unit 'default'
2026-06-28 15:19:36.191 [main] DEBUG payroll.security.JwtRequestFilter - Filter 'jwtRequestFilter' configured for use
2026-06-28 15:19:36.341 [main] INFO  org.springframework.data.jpa.repository.query.QueryEnhancerFactory - Hibernate is in classpath; If applicable, HQL parser will be used.
2026-06-28 15:19:36.550 [main] WARN  org.springframework.boot.autoconfigure.orm.jpa.JpaBaseConfiguration$JpaWebConfiguration - spring.jpa.open-in-view is enabled by default. Therefore, database queries may be performed during view rendering. Explicitly configure spring.jpa.open-in-view to disable this warning
2026-06-28 15:19:36.991 [main] INFO  org.springframework.security.web.DefaultSecurityFilterChain - Will secure any request with [org.springframework.security.web.session.DisableEncodeUrlFilter@3f0c2eff, org.springframework.security.web.context.request.async.WebAsyncManagerIntegrationFilter@7cddc50f, org.springframework.security.web.context.SecurityContextHolderFilter@1722ede1, org.springframework.security.web.header.HeaderWriterFilter@5f662dd, org.springframework.web.filter.CorsFilter@1e60890c, org.springframework.security.web.authentication.logout.LogoutFilter@1bd5b1c8, payroll.security.JwtRequestFilter@574134ba, org.springframework.security.web.savedrequest.RequestCacheAwareFilter@34f3c920, org.springframework.security.web.servletapi.SecurityContextHolderAwareRequestFilter@73f0b216, org.springframework.security.web.authentication.AnonymousAuthenticationFilter@c680819, org.springframework.security.web.session.SessionManagementFilter@5d3f583d, org.springframework.security.web.access.ExceptionTranslationFilter@3bfead8d, org.springframework.security.web.access.intercept.AuthorizationFilter@6ba516ff]
2026-06-28 15:19:37.537 [main] INFO  org.apache.coyote.http11.Http11NioProtocol - Starting ProtocolHandler ["http-nio-8080"]
2026-06-28 15:19:37.558 [main] INFO  org.springframework.boot.web.embedded.tomcat.TomcatWebServer - Tomcat started on port 8080 (http) with context path ''
2026-06-28 15:19:37.570 [main] INFO  payroll.EmployeePayrollRestAppApplication - Started EmployeePayrollRestAppApplication in 6.707 seconds (process running for 8.285)
2026-06-28 15:20:00.187 [http-nio-8080-exec-1] INFO  org.apache.catalina.core.ContainerBase.[Tomcat].[localhost].[/] - Initializing Spring DispatcherServlet 'dispatcherServlet'
2026-06-28 15:20:00.187 [http-nio-8080-exec-1] INFO  org.springframework.web.servlet.DispatcherServlet - Initializing Servlet 'dispatcherServlet'
2026-06-28 15:20:00.189 [http-nio-8080-exec-1] INFO  org.springframework.web.servlet.DispatcherServlet - Completed initialization in 1 ms
2026-06-28 15:20:33.058 [SpringApplicationShutdownHook] INFO  org.springframework.orm.jpa.LocalContainerEntityManagerFactoryBean - Closing JPA EntityManagerFactory for persistence unit 'default'
2026-06-28 15:20:33.061 [SpringApplicationShutdownHook] INFO  com.zaxxer.hikari.HikariDataSource - HikariPool-1 - Shutdown initiated...
2026-06-28 15:20:33.064 [SpringApplicationShutdownHook] INFO  com.zaxxer.hikari.HikariDataSource - HikariPool-1 - Shutdown completed.
2026-06-28 21:36:50.291 [main] INFO  payroll.EmployeePayrollRestAppApplication - Starting EmployeePayrollRestAppApplication using Java 21.0.1 with PID 4972 (D:\Backend_Project\employee-payroll-rest-app\target\classes started by LENOVO in D:\Backend_Project\employee-payroll-rest-app)
2026-06-28 21:36:50.303 [main] DEBUG payroll.EmployeePayrollRestAppApplication - Running with Spring Boot v3.2.5, Spring v6.1.6
2026-06-28 21:36:50.305 [main] INFO  payroll.EmployeePayrollRestAppApplication - No active profile set, falling back to 1 default profile: "default"
2026-06-28 21:36:51.676 [main] INFO  org.springframework.data.repository.config.RepositoryConfigurationDelegate - Bootstrapping Spring Data JPA repositories in DEFAULT mode.
2026-06-28 21:36:51.776 [main] INFO  org.springframework.data.repository.config.RepositoryConfigurationDelegate - Finished Spring Data repository scanning in 86 ms. Found 2 JPA repository interfaces.
2026-06-28 21:36:52.768 [main] INFO  org.springframework.boot.web.embedded.tomcat.TomcatWebServer - Tomcat initialized with port 8080 (http)
2026-06-28 21:36:52.789 [main] INFO  org.apache.coyote.http11.Http11NioProtocol - Initializing ProtocolHandler ["http-nio-8080"]
2026-06-28 21:36:52.792 [main] INFO  org.apache.catalina.core.StandardService - Starting service [Tomcat]
2026-06-28 21:36:52.793 [main] INFO  org.apache.catalina.core.StandardEngine - Starting Servlet engine: [Apache Tomcat/10.1.20]
2026-06-28 21:36:52.921 [main] INFO  org.apache.catalina.core.ContainerBase.[Tomcat].[localhost].[/] - Initializing Spring embedded WebApplicationContext
2026-06-28 21:36:52.923 [main] INFO  org.springframework.boot.web.servlet.context.ServletWebServerApplicationContext - Root WebApplicationContext: initialization completed in 2553 ms
2026-06-28 21:36:53.009 [main] INFO  com.zaxxer.hikari.HikariDataSource - HikariPool-1 - Starting...
2026-06-28 21:36:53.381 [main] INFO  com.zaxxer.hikari.pool.HikariPool - HikariPool-1 - Added connection conn0: url=jdbc:h2:mem:testdb user=SA
2026-06-28 21:36:53.385 [main] INFO  com.zaxxer.hikari.HikariDataSource - HikariPool-1 - Start completed.
2026-06-28 21:36:53.408 [main] INFO  org.springframework.boot.autoconfigure.h2.H2ConsoleAutoConfiguration - H2 console available at '/h2-console'. Database available at 'jdbc:h2:mem:testdb'
2026-06-28 21:36:53.600 [main] INFO  org.hibernate.jpa.internal.util.LogHelper - HHH000204: Processing PersistenceUnitInfo [name: default]
2026-06-28 21:36:53.727 [main] INFO  org.hibernate.Version - HHH000412: Hibernate ORM core version 6.4.4.Final
2026-06-28 21:36:53.790 [main] INFO  org.hibernate.cache.internal.RegionFactoryInitiator - HHH000026: Second-level cache disabled
2026-06-28 21:36:54.256 [main] INFO  org.springframework.orm.jpa.persistenceunit.SpringPersistenceUnitInfo - No LoadTimeWeaver setup: ignoring JPA class transformer
2026-06-28 21:36:54.350 [main] WARN  org.hibernate.orm.deprecation - HHH90000025: H2Dialect does not need to be specified explicitly using 'hibernate.dialect' (remove the property setting and it will be selected by default)
2026-06-28 21:36:55.974 [main] INFO  org.hibernate.engine.transaction.jta.platform.internal.JtaPlatformInitiator - HHH000489: No JTA platform available (set 'hibernate.transaction.jta.platform' to enable JTA platform integration)
2026-06-28 21:36:56.109 [main] INFO  org.springframework.orm.jpa.LocalContainerEntityManagerFactoryBean - Initialized JPA EntityManagerFactory for persistence unit 'default'
2026-06-28 21:36:56.711 [main] DEBUG payroll.security.JwtRequestFilter - Filter 'jwtRequestFilter' configured for use
2026-06-28 21:36:56.953 [main] INFO  org.springframework.data.jpa.repository.query.QueryEnhancerFactory - Hibernate is in classpath; If applicable, HQL parser will be used.
2026-06-28 21:36:57.151 [main] WARN  org.springframework.boot.autoconfigure.orm.jpa.JpaBaseConfiguration$JpaWebConfiguration - spring.jpa.open-in-view is enabled by default. Therefore, database queries may be performed during view rendering. Explicitly configure spring.jpa.open-in-view to disable this warning
2026-06-28 21:36:57.719 [main] INFO  org.springframework.security.web.DefaultSecurityFilterChain - Will secure any request with [org.springframework.security.web.session.DisableEncodeUrlFilter@7786c2e0, org.springframework.security.web.context.request.async.WebAsyncManagerIntegrationFilter@5c940e28, org.springframework.security.web.context.SecurityContextHolderFilter@1d12eff1, org.springframework.security.web.header.HeaderWriterFilter@1fdbba0d, org.springframework.web.filter.CorsFilter@56c39949, org.springframework.security.web.authentication.logout.LogoutFilter@34de8c9f, payroll.security.JwtRequestFilter@c040c8d, org.springframework.security.web.savedrequest.RequestCacheAwareFilter@c509742, org.springframework.security.web.servletapi.SecurityContextHolderAwareRequestFilter@77a6aa9f, org.springframework.security.web.authentication.AnonymousAuthenticationFilter@41f3f64, org.springframework.security.web.session.SessionManagementFilter@4e7e7763, org.springframework.security.web.access.ExceptionTranslationFilter@3c8c5513, org.springframework.security.web.access.intercept.AuthorizationFilter@3423f353]
2026-06-28 21:36:58.280 [main] INFO  org.apache.coyote.http11.Http11NioProtocol - Starting ProtocolHandler ["http-nio-8080"]
2026-06-28 21:36:58.312 [main] INFO  org.springframework.boot.web.embedded.tomcat.TomcatWebServer - Tomcat started on port 8080 (http) with context path ''
2026-06-28 21:36:58.326 [main] INFO  payroll.EmployeePayrollRestAppApplication - Started EmployeePayrollRestAppApplication in 8.629 seconds (process running for 11.397)
2026-06-28 21:37:30.209 [http-nio-8080-exec-2] INFO  org.apache.catalina.core.ContainerBase.[Tomcat].[localhost].[/] - Initializing Spring DispatcherServlet 'dispatcherServlet'
2026-06-28 21:37:30.209 [http-nio-8080-exec-2] INFO  org.springframework.web.servlet.DispatcherServlet - Initializing Servlet 'dispatcherServlet'
2026-06-28 21:37:30.223 [http-nio-8080-exec-2] INFO  org.springframework.web.servlet.DispatcherServlet - Completed initialization in 13 ms
2026-06-28 21:38:07.942 [SpringApplicationShutdownHook] INFO  org.springframework.orm.jpa.LocalContainerEntityManagerFactoryBean - Closing JPA EntityManagerFactory for persistence unit 'default'
2026-06-28 21:38:07.973 [SpringApplicationShutdownHook] INFO  com.zaxxer.hikari.HikariDataSource - HikariPool-1 - Shutdown initiated...
2026-06-28 21:38:07.986 [SpringApplicationShutdownHook] INFO  com.zaxxer.hikari.HikariDataSource - HikariPool-1 - Shutdown completed.
2026-06-28 21:41:09.131 [main] INFO  payroll.EmployeePayrollRestAppApplication - Starting EmployeePayrollRestAppApplication using Java 21.0.1 with PID 30812 (D:\Backend_Project\employee-payroll-rest-app\target\classes started by LENOVO in D:\Backend_Project\employee-payroll-rest-app)
2026-06-28 21:41:09.144 [main] DEBUG payroll.EmployeePayrollRestAppApplication - Running with Spring Boot v3.2.5, Spring v6.1.6
2026-06-28 21:41:09.147 [main] INFO  payroll.EmployeePayrollRestAppApplication - No active profile set, falling back to 1 default profile: "default"
2026-06-28 21:41:10.506 [main] INFO  org.springframework.data.repository.config.RepositoryConfigurationDelegate - Bootstrapping Spring Data JPA repositories in DEFAULT mode.
2026-06-28 21:41:10.605 [main] INFO  org.springframework.data.repository.config.RepositoryConfigurationDelegate - Finished Spring Data repository scanning in 85 ms. Found 2 JPA repository interfaces.
2026-06-28 21:41:11.635 [main] INFO  org.springframework.boot.web.embedded.tomcat.TomcatWebServer - Tomcat initialized with port 8080 (http)
2026-06-28 21:41:11.655 [main] INFO  org.apache.coyote.http11.Http11NioProtocol - Initializing ProtocolHandler ["http-nio-8080"]
2026-06-28 21:41:11.658 [main] INFO  org.apache.catalina.core.StandardService - Starting service [Tomcat]
2026-06-28 21:41:11.659 [main] INFO  org.apache.catalina.core.StandardEngine - Starting Servlet engine: [Apache Tomcat/10.1.20]
2026-06-28 21:41:11.786 [main] INFO  org.apache.catalina.core.ContainerBase.[Tomcat].[localhost].[/] - Initializing Spring embedded WebApplicationContext
2026-06-28 21:41:11.786 [main] INFO  org.springframework.boot.web.servlet.context.ServletWebServerApplicationContext - Root WebApplicationContext: initialization completed in 2580 ms
2026-06-28 21:41:11.865 [main] INFO  com.zaxxer.hikari.HikariDataSource - HikariPool-1 - Starting...
2026-06-28 21:41:12.221 [main] INFO  com.zaxxer.hikari.pool.HikariPool - HikariPool-1 - Added connection conn0: url=jdbc:h2:mem:testdb user=SA
2026-06-28 21:41:12.224 [main] INFO  com.zaxxer.hikari.HikariDataSource - HikariPool-1 - Start completed.
2026-06-28 21:41:12.240 [main] INFO  org.springframework.boot.autoconfigure.h2.H2ConsoleAutoConfiguration - H2 console available at '/h2-console'. Database available at 'jdbc:h2:mem:testdb'
2026-06-28 21:41:12.438 [main] INFO  org.hibernate.jpa.internal.util.LogHelper - HHH000204: Processing PersistenceUnitInfo [name: default]
2026-06-28 21:41:12.598 [main] INFO  org.hibernate.Version - HHH000412: Hibernate ORM core version 6.4.4.Final
2026-06-28 21:41:12.678 [main] INFO  org.hibernate.cache.internal.RegionFactoryInitiator - HHH000026: Second-level cache disabled
2026-06-28 21:41:13.145 [main] INFO  org.springframework.orm.jpa.persistenceunit.SpringPersistenceUnitInfo - No LoadTimeWeaver setup: ignoring JPA class transformer
2026-06-28 21:41:13.244 [main] WARN  org.hibernate.orm.deprecation - HHH90000025: H2Dialect does not need to be specified explicitly using 'hibernate.dialect' (remove the property setting and it will be selected by default)
2026-06-28 21:41:14.847 [main] INFO  org.hibernate.engine.transaction.jta.platform.internal.JtaPlatformInitiator - HHH000489: No JTA platform available (set 'hibernate.transaction.jta.platform' to enable JTA platform integration)
2026-06-28 21:41:15.040 [main] INFO  org.springframework.orm.jpa.LocalContainerEntityManagerFactoryBean - Initialized JPA EntityManagerFactory for persistence unit 'default'
2026-06-28 21:41:15.689 [main] DEBUG payroll.security.JwtRequestFilter - Filter 'jwtRequestFilter' configured for use
2026-06-28 21:41:15.929 [main] INFO  org.springframework.data.jpa.repository.query.QueryEnhancerFactory - Hibernate is in classpath; If applicable, HQL parser will be used.
2026-06-28 21:41:16.191 [main] WARN  org.springframework.boot.autoconfigure.orm.jpa.JpaBaseConfiguration$JpaWebConfiguration - spring.jpa.open-in-view is enabled by default. Therefore, database queries may be performed during view rendering. Explicitly configure spring.jpa.open-in-view to disable this warning
2026-06-28 21:41:16.725 [main] INFO  org.springframework.security.web.DefaultSecurityFilterChain - Will secure any request with [org.springframework.security.web.session.DisableEncodeUrlFilter@4bc49d70, org.springframework.security.web.context.request.async.WebAsyncManagerIntegrationFilter@73543048, org.springframework.security.web.context.SecurityContextHolderFilter@2898c70d, org.springframework.security.web.header.HeaderWriterFilter@40dcbf7, org.springframework.web.filter.CorsFilter@1851f19f, org.springframework.security.web.authentication.logout.LogoutFilter@1ecbb787, payroll.security.JwtRequestFilter@154208f2, org.springframework.security.web.savedrequest.RequestCacheAwareFilter@64a00fe0, org.springframework.security.web.servletapi.SecurityContextHolderAwareRequestFilter@347f0950, org.springframework.security.web.authentication.AnonymousAuthenticationFilter@33f3ebfc, org.springframework.security.web.session.SessionManagementFilter@2b71a12e, org.springframework.security.web.access.ExceptionTranslationFilter@51806858, org.springframework.security.web.access.intercept.AuthorizationFilter@6bca6c4c]
2026-06-28 21:41:17.386 [main] INFO  org.apache.coyote.http11.Http11NioProtocol - Starting ProtocolHandler ["http-nio-8080"]
2026-06-28 21:41:17.419 [main] INFO  org.springframework.boot.web.embedded.tomcat.TomcatWebServer - Tomcat started on port 8080 (http) with context path ''
2026-06-28 21:41:17.436 [main] INFO  payroll.EmployeePayrollRestAppApplication - Started EmployeePayrollRestAppApplication in 8.885 seconds (process running for 10.761)
2026-06-28 21:41:47.604 [http-nio-8080-exec-1] INFO  org.apache.catalina.core.ContainerBase.[Tomcat].[localhost].[/] - Initializing Spring DispatcherServlet 'dispatcherServlet'
2026-06-28 21:41:47.605 [http-nio-8080-exec-1] INFO  org.springframework.web.servlet.DispatcherServlet - Initializing Servlet 'dispatcherServlet'
2026-06-28 21:41:47.608 [http-nio-8080-exec-1] INFO  org.springframework.web.servlet.DispatcherServlet - Completed initialization in 1 ms
2026-06-28 21:43:43.566 [SpringApplicationShutdownHook] INFO  org.springframework.orm.jpa.LocalContainerEntityManagerFactoryBean - Closing JPA EntityManagerFactory for persistence unit 'default'
2026-06-28 21:43:43.695 [SpringApplicationShutdownHook] INFO  com.zaxxer.hikari.HikariDataSource - HikariPool-1 - Shutdown initiated...
2026-06-28 21:43:43.733 [SpringApplicationShutdownHook] INFO  com.zaxxer.hikari.HikariDataSource - HikariPool-1 - Shutdown completed.
2026-06-28 21:44:54.350 [main] INFO  payroll.EmployeePayrollRestAppApplication - Starting EmployeePayrollRestAppApplication using Java 21.0.1 with PID 17044 (D:\Backend_Project\employee-payroll-rest-app\target\classes started by LENOVO in D:\Backend_Project\employee-payroll-rest-app)
2026-06-28 21:44:54.363 [main] DEBUG payroll.EmployeePayrollRestAppApplication - Running with Spring Boot v3.2.5, Spring v6.1.6
2026-06-28 21:44:54.365 [main] INFO  payroll.EmployeePayrollRestAppApplication - No active profile set, falling back to 1 default profile: "default"
2026-06-28 21:44:56.110 [main] INFO  org.springframework.data.repository.config.RepositoryConfigurationDelegate - Bootstrapping Spring Data JPA repositories in DEFAULT mode.
2026-06-28 21:44:56.219 [main] INFO  org.springframework.data.repository.config.RepositoryConfigurationDelegate - Finished Spring Data repository scanning in 96 ms. Found 2 JPA repository interfaces.
2026-06-28 21:44:57.290 [main] INFO  org.springframework.boot.web.embedded.tomcat.TomcatWebServer - Tomcat initialized with port 8080 (http)
2026-06-28 21:44:57.313 [main] INFO  org.apache.coyote.http11.Http11NioProtocol - Initializing ProtocolHandler ["http-nio-8080"]
2026-06-28 21:44:57.316 [main] INFO  org.apache.catalina.core.StandardService - Starting service [Tomcat]
2026-06-28 21:44:57.317 [main] INFO  org.apache.catalina.core.StandardEngine - Starting Servlet engine: [Apache Tomcat/10.1.20]
2026-06-28 21:44:57.459 [main] INFO  org.apache.catalina.core.ContainerBase.[Tomcat].[localhost].[/] - Initializing Spring embedded WebApplicationContext
2026-06-28 21:44:57.459 [main] INFO  org.springframework.boot.web.servlet.context.ServletWebServerApplicationContext - Root WebApplicationContext: initialization completed in 3025 ms
2026-06-28 21:44:57.543 [main] INFO  com.zaxxer.hikari.HikariDataSource - HikariPool-1 - Starting...
2026-06-28 21:44:57.927 [main] INFO  com.zaxxer.hikari.pool.HikariPool - HikariPool-1 - Added connection conn0: url=jdbc:h2:mem:testdb user=SA
2026-06-28 21:44:57.930 [main] INFO  com.zaxxer.hikari.HikariDataSource - HikariPool-1 - Start completed.
2026-06-28 21:44:57.946 [main] INFO  org.springframework.boot.autoconfigure.h2.H2ConsoleAutoConfiguration - H2 console available at '/h2-console'. Database available at 'jdbc:h2:mem:testdb'
2026-06-28 21:44:58.133 [main] INFO  org.hibernate.jpa.internal.util.LogHelper - HHH000204: Processing PersistenceUnitInfo [name: default]
2026-06-28 21:44:58.266 [main] INFO  org.hibernate.Version - HHH000412: Hibernate ORM core version 6.4.4.Final
2026-06-28 21:44:58.331 [main] INFO  org.hibernate.cache.internal.RegionFactoryInitiator - HHH000026: Second-level cache disabled
2026-06-28 21:44:58.811 [main] INFO  org.springframework.orm.jpa.persistenceunit.SpringPersistenceUnitInfo - No LoadTimeWeaver setup: ignoring JPA class transformer
2026-06-28 21:44:58.904 [main] WARN  org.hibernate.orm.deprecation - HHH90000025: H2Dialect does not need to be specified explicitly using 'hibernate.dialect' (remove the property setting and it will be selected by default)
2026-06-28 21:45:00.915 [main] INFO  org.hibernate.engine.transaction.jta.platform.internal.JtaPlatformInitiator - HHH000489: No JTA platform available (set 'hibernate.transaction.jta.platform' to enable JTA platform integration)
2026-06-28 21:45:01.083 [main] INFO  org.springframework.orm.jpa.LocalContainerEntityManagerFactoryBean - Initialized JPA EntityManagerFactory for persistence unit 'default'
2026-06-28 21:45:01.917 [main] DEBUG payroll.security.JwtRequestFilter - Filter 'jwtRequestFilter' configured for use
2026-06-28 21:45:02.141 [main] INFO  org.springframework.data.jpa.repository.query.QueryEnhancerFactory - Hibernate is in classpath; If applicable, HQL parser will be used.
2026-06-28 21:45:02.358 [main] WARN  org.springframework.boot.autoconfigure.orm.jpa.JpaBaseConfiguration$JpaWebConfiguration - spring.jpa.open-in-view is enabled by default. Therefore, database queries may be performed during view rendering. Explicitly configure spring.jpa.open-in-view to disable this warning
2026-06-28 21:45:02.969 [main] INFO  org.springframework.security.web.DefaultSecurityFilterChain - Will secure any request with [org.springframework.security.web.session.DisableEncodeUrlFilter@6023b54f, org.springframework.security.web.context.request.async.WebAsyncManagerIntegrationFilter@14d9ae22, org.springframework.security.web.context.SecurityContextHolderFilter@368e7d3a, org.springframework.security.web.header.HeaderWriterFilter@ec67be1, org.springframework.web.filter.CorsFilter@15e881c0, org.springframework.security.web.authentication.logout.LogoutFilter@73543048, payroll.security.JwtRequestFilter@3733b1f4, org.springframework.security.web.savedrequest.RequestCacheAwareFilter@375682a5, org.springframework.security.web.servletapi.SecurityContextHolderAwareRequestFilter@79827e71, org.springframework.security.web.authentication.AnonymousAuthenticationFilter@68ee7b3b, org.springframework.security.web.session.SessionManagementFilter@3956e933, org.springframework.security.web.access.ExceptionTranslationFilter@60660d21, org.springframework.security.web.access.intercept.AuthorizationFilter@5c450960]
2026-06-28 21:45:03.581 [main] INFO  org.apache.coyote.http11.Http11NioProtocol - Starting ProtocolHandler ["http-nio-8080"]
2026-06-28 21:45:03.623 [main] INFO  org.springframework.boot.web.embedded.tomcat.TomcatWebServer - Tomcat started on port 8080 (http) with context path ''
2026-06-28 21:45:03.635 [main] INFO  payroll.EmployeePayrollRestAppApplication - Started EmployeePayrollRestAppApplication in 9.963 seconds (process running for 12.277)
2026-06-28 21:45:09.744 [http-nio-8080-exec-1] INFO  org.apache.catalina.core.ContainerBase.[Tomcat].[localhost].[/] - Initializing Spring DispatcherServlet 'dispatcherServlet'
2026-06-28 21:45:09.744 [http-nio-8080-exec-1] INFO  org.springframework.web.servlet.DispatcherServlet - Initializing Servlet 'dispatcherServlet'
2026-06-28 21:45:09.746 [http-nio-8080-exec-1] INFO  org.springframework.web.servlet.DispatcherServlet - Completed initialization in 2 ms
2026-06-28 21:45:10.905 [http-nio-8080-exec-9] INFO  org.springdoc.api.AbstractOpenApiResource - Init duration for springdoc-openapi is: 576 ms
2026-06-28 21:53:16.727 [SpringApplicationShutdownHook] INFO  org.springframework.orm.jpa.LocalContainerEntityManagerFactoryBean - Closing JPA EntityManagerFactory for persistence unit 'default'
2026-06-28 21:53:16.749 [SpringApplicationShutdownHook] INFO  com.zaxxer.hikari.HikariDataSource - HikariPool-1 - Shutdown initiated...
2026-06-28 21:53:16.757 [SpringApplicationShutdownHook] INFO  com.zaxxer.hikari.HikariDataSource - HikariPool-1 - Shutdown completed.
